AdamLevine_01,2,4,1,1,1,1,2,2,0,0,0,2,1,2,1,0,0
AdamLevine_02,2,3,1,1,0,0,0,0,1,0,0,2,1,0,1,0,0
AdamLevine_03,1,4,1,1,1,1,0,0,0,0,0,2,1,0,1,0,0
AdamLevine_04,2,3,2,3,1,1,1,0,1,0,0,2,1,0,1,0,0
Adele_01,1,2,1,1,1,1,0,0,0,0,0,2,1,1,1,0,0
AlexanderSkarsgard_01,2,4,1,1,1,1,0,0,0,0,0,2,1,0,1,0,0
AlexanderSkarsgard_02,1,4,1,1,1,1,0,0,0,0,0,2,1,1,1,0,0
AliLarter_01,2,4,1,1,1,1,0,0,0,0,0,2,1,0,1,0,0
AliLarter_02,1,2,1,1,1,1,0,0,0,0,0,2,1,1,1,1,0
AliciaKeys_01,1,2,1,1,1,1,0,0,0,0,0,2,1,2,1,1,0
AmandaBynes_01,2,3,1,3,0,1,0,0,1,0,0,2,1,1,1,1,0
AmandaBynes_02,1,4,1,1,1,1,0,0,0,0,0,2,1,0,1,0,0
AmandaSeyfried_01,2,3,1,3,1,0,0,1,1,0,0,2,1,0,1,0,0
AmandaSeyfried_02,1,4,1,1,0,1,1,0,0,0,0,2,1,0,2,0,0
AmandaSeyfried_03,1,3,1,2,0,1,0,0,0,0,0,2,1,0,1,0,0
AmandaSeyfried_04,1,2,1,1,1,1,0,0,0,0,0,2,1,1,1,0,0
AmericaFerrera_01,1,2,1,1,1,1,0,0,0,0,0,2,1,1,1,1,0
AmyAdams_01,2,4,1,1,1,1,0,0,0,1,0,4,1,0,0,0,0
AmyAdams_02,1,3,1,2,1,0,0,0,0,0,0,1,1,1,1,0,0
AmySchumer_01,2,4,1,1,1,1,0,0,0,0,0,2,1,1,1,1,0
AmySchumer_02,1,2,1,1,1,1,0,0,0,0,1,2,1,0,1,1,1
AmySchumer_03,2,4,1,1,1,1,0,0,0,0,1,2,3,0,1,0,0
AmySchumer_04,2,3,1,2,0,1,0,0,0,0,0,2,1,0,1,0,0
AmySchumer_05,1,4,1,1,1,1,0,0,0,0,0,2,1,2,1,0,0
AmyWinehouse_01,1,3,1,1,1,1,0,0,0,0,0,2,3,0,1,1,0
AmyWinehouse_02,2,4,1,2,1,1,2,0,0,0,0,2,1,0,1,0,0
AmyWinehouse_03,1,2,1,1,1,1,0,0,0,0,0,1,1,0,1,0,0
AndrewGarfield_01,1,4,1,2,0,1,0,0,0,0,0,2,1,0,1,0,0
AngelinaJolie_01,2,3,4,2,1,1,0,0,0,0,0,2,1,0,1,1,0
AngelinaJolie_02,1,3,1,1,0,1,0,0,0,0,0,2,1,0,1,0,0
AngelinaJolie_03,1,1,1,1,1,1,0,0,0,0,0,2,1,1,1,1,0
AnnaNicoleSmith_01,2,3,4,2,1,1,0,2,0,0,0,2,1,2,1,0,0
AnnaNicoleSmith_02,2,3,3,3,0,1,0,0,0,0,0,2,1,0,2,1,0
AnnaNicoleSmith_03,1,2,2,2,0,0,1,0,0,1,0,1,1,1,0,0,0
AnnaNicoleSmith_04,2,3,1,1,0,1,0,0,1,0,0,2,1,1,1,1,0
AnnaNicoleSmith_05,1,2,1,1,1,1,0,0,0,0,0,2,1,1,1,0,0
AnnaPaquin_01,1,4,1,1,1,1,0,0,0,0,0,2,1,0,1,0,0
AnnaPaquin_02,1,3,4,2,1,1,0,0,0,0,0,2,1,0,1,1,0
AnnaPaquin_03,2,1,1,1,1,1,0,0,0,0,0,2,1,0,1,1,0
AnnaPaquin_04,1,4,1,1,1,1,0,0,0,0,0,2,1,0,1,0,0
AnneHathaway_01,1,4,1,1,0,1,0,1,1,0,0,2,2,0,1,1,0
AnneHathaway_02,2,4,1,2,1,1,0,1,1,0,0,2,1,0,1,1,0
AnneHathaway_03,1,2,1,1,1,1,0,0,0,0,0,2,1,1,1,0,0
AnneHathaway_04,1,4,1,1,0,1,0,0,0,0,0,2,1,1,1,1,0
AshleeSimpson_01,1,4,1,2,1,1,2,0,0,0,0,2,1,0,1,0,0
AshleeSimpson_02,2,2,1,1,0,1,0,0,0,0,0,2,1,1,1,1,0
AshleyGreene_01,1,3,1,2,1,1,0,0,0,0,0,2,1,0,1,1,0
AshleyGreene_02,1,3,1,1,0,1,2,0,0,0,0,2,1,0,1,1,0
AshleyGreene_03,2,3,1,1,1,1,0,0,0,0,0,2,1,0,1,0,0
AshleyGreene_04,1,2,1,1,1,1,0,0,0,0,0,2,1,1,1,0,0
AshleyGreene_05,1,3,4,2,1,1,0,0,0,0,0,2,1,0,1,1,0
AshleyGreene_06,1,2,1,1,1,1,0,0,0,0,0,2,1,0,1,0,0
AshleyOlsen_01,1,4,1,1,1,1,0,0,0,0,0,2,1,1,1,0,0
AshleyOlsen_02,2,3,1,3,1,1,0,0,0,0,0,2,1,0,1,0,0
AshleyOlsen_03,1,2,1,1,0,0,0,0,0,0,0,1,1,0,1,0,0
AshleyTisdale_01,2,1,1,1,1,1,2,0,0,0,0,4,1,0,2,1,0
AshleyTisdale_02,1,4,1,1,0,0,0,0,0,0,0,1,1,0,1,1,0
AshtonKutcher_01,2,4,1,1,1,0,0,1,1,1,0,1,1,0,1,0,0
AshtonKutcher_02,2,2,1,4,1,0,0,0,0,0,0,1,1,0,1,0,0
AudrinaPatridge_01,2,1,1,1,1,1,0,0,0,0,0,2,1,0,1,0,0
AudrinaPatridge_02,2,1,1,1,1,1,0,0,0,0,0,2,1,1,1,1,0
AudrinaPatridge_03,1,2,1,1,0,1,0,0,0,0,0,2,1,1,1,1,0
AudrinaPatridge_04,2,1,4,2,1,1,0,0,0,0,0,2,1,0,1,0,0
AudrinaPatridge_05,1,3,1,2,1,1,0,1,1,0,0,2,1,1,1,1,0
AvrilLavigne_01,2,4,1,1,1,1,1,0,0,0,0,2,1,0,1,1,0
AvrilLavigne_02,1,3,1,1,0,1,1,0,0,0,0,2,1,0,1,0,0
AvrilLavigne_03,2,4,1,1,1,1,2,0,0,2,0,2,1,0,1,0,0
AvrilLavigne_04,1,4,1,1,1,1,1,0,0,0,0,2,1,0,1,0,0
AvrilLavigne_05,2,1,1,1,1,1,0,0,0,0,0,2,1,1,1,1,0
AvrilLavigne_06,1,2,1,1,1,0,0,0,0,0,0,1,1,0,1,0,0
BenAffleck_01,2,1,1,1,1,1,0,0,0,0,1,2,1,0,1,0,0
BenAffleck_02,2,1,1,1,1,1,0,0,0,0,0,2,1,0,1,0,0
BenAffleck_03,1,3,4,2,1,1,0,0,0,0,0,2,1,0,1,0,0
BethennyFrankel_01,2,2,1,1,1,1,0,0,0,0,0,2,3,1,1,1,0
BethennyFrankel_02,1,3,1,2,1,1,0,0,0,0,0,2,1,1,1,1,0
Beyonce_Knowles_01,1,1,1,1,1,1,0,0,0,0,0,2,1,0,1,0,0
Beyonce_Knowles_02,1,2,1,1,1,1,0,0,0,0,0,2,1,0,1,0,0
Beyonce_Knowles_04,2,2,1,1,1,1,0,0,0,0,0,2,1,0,1,0,0
Beyonce_Knowles_05,1,2,1,1,1,1,0,0,0,0,0,2,1,0,1,0,0
Beyonce_Knowles_06,1,1,1,1,1,1,0,0,0,0,0,2,1,0,0,0,0
Beyonce_Knowles_07,1,2,1,1,1,1,0,0,0,0,0,2,1,0,1,0,0
BlakeLively_01,2,4,1,1,0,0,1,0,0,1,0,1,1,0,0,0,0
BlakeLively_02,1,3,4,2,0,1,0,0,0,0,0,2,1,0,1,0,0
BlakeLively_03,1,2,1,1,0,1,1,0,0,0,0,2,3,1,1,1,0
BlakeLively_04,1,2,1,4,1,1,0,0,0,0,0,2,1,0,1,1,0
BlakeLively_05,1,2,1,1,1,0,0,0,0,0,0,1,1,1,1,1,0
BlakeShelton_01,1,4,1,1,1,1,0,0,0,0,0,2,1,0,1,0,0
BradPaisley_01,1,1,4,2,1,1,0,0,0,0,0,2,1,2,1,0,0
BradPitt_01,2,3,1,1,1,1,0,0,0,0,0,2,1,0,1,0,0
BradPitt_02,2,1,1,1,1,1,0,0,0,0,0,2,1,1,1,1,0
BradPitt_03,1,1,4,2,0,1,0,0,0,0,1,2,1,0,1,0,0
BradPitt_04,1,2,1,1,1,0,0,0,0,0,0,1,1,0,1,1,0
BradleyCooper_01,1,2,1,1,1,1,2,0,0,0,0,2,1,1,1,1,0
BritneySpears_01,2,4,1,1,1,1,0,0,0,0,0,2,1,0,1,1,1
BritneySpears_02,2,1,1,1,1,1,0,0,0,1,0,2,1,0,1,1,0
BritneySpears_03,2,4,3,3,0,0,1,0,0,0,0,3,1,0,1,0,0
BritneySpears_04,2,4,1,1,1,1,0,0,0,1,0,2,1,0,1,1,0
BritneySpears_05,2,4,1,1,0,1,0,0,0,0,0,2,1,1,1,0,0
BritneySpears_06,2,3,1,3,0,0,0,0,0,0,0,1,1,0,1,1,0
BritneySpears_07,1,2,1,4,0,0,0,0,0,0,0,1,1,0,1,0,0
BritneySpears_08,2,2,1,1,1,0,0,0,0,0,0,1,1,0,1,0,0
BritneySpears_09,1,4,1,1,1,1,0,0,0,0,0,2,1,0,1,0,0
BritneySpears_10,2,3,2,1,1,1,1,0,1,0,0,2,1,0,1,1,0
BrodyJenner_01,2,4,1,1,0,1,0,0,0,0,0,2,1,0,2,0,0
BrookeShields_01,2,4,1,1,1,1,0,0,0,1,0,2,1,0,1,0,0
BrookeShields_02,1,3,1,2,1,1,0,2,0,0,0,2,1,0,1,0,0
BrookeShields_03,1,1,1,1,1,1,0,0,0,0,0,2,1,1,1,0,0
BruceWillis_01,2,3,1,2,1,1,2,0,0,0,0,1,2,0,2,0,0
CaitlynJenner_01,2,4,1,2,1,1,0,0,0,0,0,2,1,0,1,0,0
CaitlynJenner_02,1,3,1,2,1,1,0,0,0,0,0,2,1,0,1,1,0
CameronDiaz_01,2,4,1,1,1,1,2,0,0,1,0,2,1,0,1,0,0
CameronDiaz_02,1,1,1,1,1,1,0,1,1,0,0,2,1,0,1,0,0
CameronDiaz_03,1,4,2,1,1,1,1,0,0,0,0,2,1,0,1,1,0
CameronDiaz_04,2,1,1,1,0,1,0,0,0,0,0,2,1,0,1,1,0
CameronDiaz_05,2,4,4,2,1,1,0,0,0,0,0,2,1,0,1,0,0
CameronDiaz_06,1,4,1,2,1,1,0,0,0,0,0,2,1,2,1,0,0
CameronDiaz_07,2,4,1,1,1,1,0,0,0,1,0,2,1,1,1,1,0
CameronDiaz_08,1,1,1,2,1,1,2,0,0,0,0,2,1,2,1,0,0
CameronDiaz_09,1,3,4,2,1,1,0,0,0,0,1,2,3,0,1,1,0
CameronDiaz_10,1,3,4,2,1,1,0,0,0,0,0,2,1,0,1,0,0
CameronDiaz_11,3,4,1,1,1,1,0,1,1,0,0,2,1,0,1,0,0
CameronDiaz_12,1,4,1,1,1,0,2,0,0,0,0,4,1,2,0,0,0
CarmenElectra_01,1,4,2,1,1,1,0,0,0,0,0,2,1,0,1,0,0
CarmenElectra_02,2,3,1,1,1,1,0,0,0,0,0,2,1,2,1,1,0
CarmenElectra_03,2,4,1,1,1,1,0,0,0,2,0,2,1,0,1,1,0
CarmenElectra_04,2,2,1,1,0,0,0,0,0,0,0,1,1,2,1,0,0
CarmenElectra_05,2,3,4,2,1,1,2,3,0,0,0,2,1,0,1,0,0
CarmenElectra_06,2,1,4,2,1,1,1,2,0,0,0,2,1,0,1,0,0
CarmenElectra_07,2,1,1,1,1,1,0,0,0,0,0,2,1,0,1,0,0
CarmenElectra_08,2,4,1,3,0,1,1,0,0,0,0,2,3,0,1,1,0
CarmenElectra_09,2,3,3,3,1,1,1,0,0,0,0,2,1,0,1,1,0
CarmenElectra_10,1,2,1,1,0,1,0,0,0,0,0,2,1,1,1,1,0
CarmenElectra_11,2,4,1,1,0,1,1,0,0,1,0,2,1,0,1,0,0
CarmenElectra_12,1,4,1,1,1,1,0,0,0,0,0,2,1,0,1,0,0
CarmenElectra_13,1,3,4,2,1,1,2,0,0,1,0,2,1,0,1,1,0
CarmenElectra_14,1,2,1,1,1,1,0,0,0,0,0,2,1,1,1,1,0
CarmenElectra_15,2,3,1,3,0,1,0,0,0,2,0,2,1,0,1,0,0
CarrieUnderwood_01,1,1,1,1,0,0,2,0,0,0,0,4,1,0,0,0,0
CarrieUnderwood_02,1,3,4,2,1,1,0,0,0,0,0,2,3,1,1,1,0
CarrieUnderwood_03,1,3,1,2,0,1,0,0,0,0,0,2,1,1,1,1,0
CateBlanchett_01,1,4,1,1,1,0,0,0,0,0,0,1,1,0,1,1,0
CateBlanchett_02,1,2,1,1,1,1,0,0,0,0,0,2,1,0,1,0,0
CatherineZetaJones_01,2,3,4,2,0,1,1,2,0,0,0,2,1,0,1,1,0
CatherineZetaJones_02,1,3,1,1,0,1,0,0,0,0,0,2,1,0,1,0,0
CatherineZetaJones_03,1,4,1,1,0,1,0,0,0,0,0,1,1,0,1,1,0
CatherineZetaJones_04,1,3,4,2,1,1,0,2,0,1,0,2,1,0,1,1,0
CatherineZetaJones_05,3,4,1,3,1,1,0,0,0,0,0,2,2,0,1,0,0
CatherineZetaJones_06,1,3,1,1,1,1,0,0,0,0,0,2,1,1,1,1,0
CatherineZetaJones_07,1,4,1,1,1,1,0,0,0,0,0,2,1,0,1,1,0
CatherineZetaJones_08,1,4,4,2,0,1,0,0,0,0,0,2,1,0,1,0,0
CatherineZetaJones_09,1,4,1,1,1,1,0,0,0,0,0,1,1,1,1,1,0
Ce_lineDion_01,2,4,1,1,1,1,0,0,0,0,0,2,1,0,1,0,0
Ce_lineDion_02,1,2,1,1,1,1,0,0,0,0,0,2,1,0,1,0,0
Ce_lineDion_03,1,2,1,1,1,1,0,0,0,0,0,2,1,0,1,0,0
ChaceCrawford_01,2,4,1,1,1,1,0,0,0,0,0,2,1,0,1,0,0
ChaceCrawford_02,2,4,1,1,0,1,0,0,0,2,0,2,1,0,1,0,0
ChaceCrawford_03,2,4,1,1,0,0,2,0,0,0,0,1,1,0,1,0,0
ChaceCrawford_04,1,4,1,1,1,1,0,0,0,0,0,2,3,0,1,0,0
ChaceCrawford_05,1,4,1,1,1,1,2,0,0,1,0,2,1,0,1,0,0
ChanningTatum_01,3,3,3,3,0,1,0,0,0,0,0,2,1,2,1,0,0
ChanningTatum_02,1,2,1,1,1,0,0,0,0,0,0,1,1,0,1,1,0
ChanningTatum_03,2,1,1,1,1,1,0,0,0,0,0,2,1,0,1,0,0
ChanningTatum_04,1,1,1,1,1,1,0,0,0,0,0,2,1,0,1,0,0
ChanningTatum_05,2,1,1,1,1,1,0,0,0,0,0,2,1,0,1,0,0
ChanningTatum_06,1,4,1,1,1,1,0,0,0,0,0,2,1,0,1,0,0
ChanningTatum_07,2,1,1,1,1,1,0,0,0,0,0,2,1,0,1,0,0
CharlizeTheron_01,2,3,4,2,1,1,0,0,0,1,0,2,1,0,1,0,0
CharlizeTheron_02,1,3,2,2,1,1,0,0,0,0,0,2,1,0,2,0,0
CharlizeTheron_03,2,4,1,1,1,1,0,0,0,1,0,2,1,0,1,1,0
CharlizeTheron_04,1,2,1,1,0,1,0,0,0,0,0,2,1,1,1,1,0
CharlizeTheron_05,1,2,1,1,1,1,0,0,0,0,0,2,1,0,2,0,0
CharlizeTheron_06,2,3,4,2,1,1,0,0,0,0,0,2,1,0,2,0,0
CherylBurke_01,2,4,1,1,1,1,0,0,0,0,0,2,1,1,1,1,0
CherylBurke_02,2,4,1,1,1,1,0,0,0,0,0,2,1,1,1,1,0
CherylBurke_03,1,4,1,1,1,1,0,0,0,0,0,2,1,0,1,1,0
ChrisBrown_01,2,3,1,1,1,0,2,0,0,1,0,1,1,1,1,1,0
ChrisBrown_02,2,2,1,1,1,1,0,0,0,1,0,2,1,0,1,0,0
ChrisBrown_03,2,4,1,1,0,0,2,0,0,0,0,4,1,0,0,0,0
ChrisBrown_04,1,2,1,1,1,1,0,0,0,0,0,2,1,0,1,0,0
ChrisHemsworth_01,2,2,1,1,1,0,2,0,0,0,0,4,1,0,0,0,0
ChrisHemsworth_02,1,4,1,1,1,1,0,0,0,0,0,2,1,0,1,0,0
ChrisPine_01,2,1,1,1,1,1,0,0,0,0,0,2,1,0,1,0,0
ChrisPine_02,1,4,1,1,1,1,0,0,0,0,0,2,1,0,2,0,0
ChristinaAguilera_01,2,3,4,3,1,1,0,3,1,0,0,2,1,0,1,0,0
ChristinaAguilera_02,2,3,1,1,0,1,0,0,0,1,0,2,1,1,1,1,0
ChristinaAguilera_03,2,3,1,2,1,1,1,0,0,0,0,2,1,0,1,0,0
ChristinaAguilera_04,2,3,1,1,0,0,0,0,0,0,0,1,3,1,1,1,0
ChristinaAguilera_05,2,2,2,1,0,1,0,0,0,0,0,2,1,0,1,1,0
ChristinaAguilera_06,1,1,1,1,1,1,0,0,0,0,0,2,1,0,1,1,0
ChristinaAguilera_07,2,1,1,1,1,1,0,0,0,1,0,2,1,0,1,0,0
ChristinaAguilera_08,1,3,1,2,1,1,0,0,0,0,0,1,1,0,1,1,0
ChristinaAguilera_09,2,2,1,2,0,1,0,0,0,1,0,2,1,0,1,0,0
ChristinaApplegate_01,2,3,3,3,1,1,1,0,0,0,0,2,1,1,1,0,0
ChristinaApplegate_02,1,4,1,1,1,1,0,0,0,0,0,2,1,0,1,0,0
ClaireDanes_01,2,4,1,2,1,1,0,2,0,0,0,2,1,0,1,0,0
ClaireDanes_02,2,4,1,1,1,1,1,0,0,1,0,2,1,0,1,1,0
ClaireDanes_03,1,2,1,1,1,1,0,0,0,0,0,2,1,0,1,0,0
ColinFarrell_01,1,3,1,2,1,1,0,0,0,0,0,2,1,1,2,1,0
ColinFarrell_02,1,1,1,1,1,1,0,0,0,0,0,1,1,0,2,0,0
CorbinBleu_01,2,4,1,1,1,1,0,0,0,0,0,2,1,0,1,0,0
CourteneyCox_01,1,2,1,1,1,1,0,0,0,0,0,2,1,0,1,1,0
CourteneyCox_02,1,3,1,1,1,1,0,0,0,0,0,2,1,0,1,0,0
CourteneyCox_03,2,3,4,2,1,0,1,0,0,0,1,1,1,0,1,0,0
DakotaFanning_01,2,3,1,3,1,1,0,0,1,0,0,2,1,0,2,0,0
DakotaFanning_02,1,2,1,1,1,1,0,0,0,0,0,2,1,0,1,0,0
DakotaFanning_03,1,3,4,2,1,1,0,0,0,0,1,2,1,0,1,1,0
DanielRadcliffe_01,1,3,1,1,1,0,2,0,0,0,0,1,1,0,1,0,0
DanielRadcliffe_02,2,4,1,1,1,1,0,0,0,0,0,2,1,0,1,0,0
DanielRadcliffe_03,1,4,1,1,1,1,0,0,0,0,0,2,1,0,1,0,0
DavidBeckham_01,2,4,1,1,0,0,2,0,0,0,0,1,1,0,1,0,0
DavidBeckham_02,2,4,1,1,1,1,0,0,0,0,0,2,2,0,1,0,0
DavidBeckham_03,2,4,1,2,1,1,0,0,0,0,0,2,1,0,1,0,0
DavidBeckham_04,2,4,1,1,1,0,0,0,0,0,0,1,1,0,2,0,0
DavidBeckham_05,1,4,1,1,1,1,0,0,0,0,0,2,1,0,1,0,0
DavidBeckham_06,1,2,1,1,1,1,0,0,0,0,0,2,1,1,1,0,0
DavidBeckham_07,2,1,1,1,1,1,0,0,0,0,0,2,1,0,2,0,0
DemiLovato_01,1,3,1,3,0,0,0,0,0,0,0,1,1,0,0,0,0
DemiLovato_02,2,4,1,1,0,1,0,0,0,0,0,2,1,0,1,0,0
DemiLovato_03,2,4,1,2,0,1,0,0,0,0,0,2,1,0,1,0,0
DemiLovato_04,2,4,1,2,0,0,2,0,0,0,0,4,1,0,2,0,0
DemiLovato_05,1,3,1,1,1,1,0,0,0,0,0,2,1,1,1,0,0
DemiLovato_06,1,2,1,1,1,1,0,0,0,0,0,2,1,1,1,1,0
DemiLovato_07,1,4,1,1,1,1,0,0,0,0,1,2,1,0,1,1,0
DemiMoore_01,1,1,1,2,0,1,0,0,0,1,0,2,1,0,1,0,0
DemiMoore_02,1,4,1,1,1,1,1,0,0,1,0,3,1,0,1,0,0
DemiMoore_03,1,4,1,1,1,1,0,0,0,0,0,2,1,1,1,1,0
DemiMoore_04,2,4,1,1,1,1,0,0,0,0,0,2,1,0,1,1,0
DemiMoore_05,1,4,4,2,1,0,0,2,0,0,0,1,1,0,1,0,0
DemiMoore_06,1,4,2,1,1,1,0,0,0,0,0,2,1,0,1,1,0
DemiMoore_07,1,3,1,2,1,0,1,0,2,0,0,1,1,1,1,1,0
DeniseRichards_01,2,1,1,3,1,1,1,0,0,0,0,2,1,2,1,0,0
DeniseRichards_02,1,4,1,3,1,1,0,0,0,0,0,2,1,1,1,1,0
DeniseRichards_03,2,1,1,1,1,1,0,0,0,1,0,2,1,0,1,1,0
DeniseRichards_04,1,3,1,2,1,1,0,0,0,0,0,2,1,0,1,0,0
DeniseRichards_05,2,1,1,2,1,1,0,0,0,0,0,2,1,0,1,1,0
DeniseRichards_06,1,4,1,1,0,1,0,0,0,0,0,2,1,2,1,0,0
DeniseRichards_07,2,1,1,3,1,1,1,0,0,0,0,2,1,0,1,0,0
DeniseRichards_08,2,3,1,2,1,1,0,0,0,0,0,2,1,0,1,0,0
DeniseRichards_09,1,3,1,1,0,1,2,0,0,0,0,2,1,1,1,1,0
DrewBarrymore_01,1,3,1,2,1,1,0,0,0,0,0,2,1,0,1,0,0
DrewBarrymore_02,2,4,1,1,1,0,2,0,0,0,0,4,1,0,1,1,0
DrewBarrymore_03,2,3,4,2,1,1,2,0,0,0,1,2,1,1,1,1,1
DrewBarrymore_04,2,2,4,2,0,1,0,0,0,0,0,2,1,0,1,0,0
DrewBarrymore_05,3,1,1,2,0,1,0,0,0,0,0,2,1,1,1,1,0
DrewBarrymore_06,1,1,2,1,1,1,1,0,0,0,0,2,1,1,1,0,0
DrewBarrymore_07,2,4,2,3,1,1,0,0,0,0,0,2,1,1,1,1,1
DrewBarrymore_08,2,1,3,1,1,1,0,0,0,0,0,2,1,0,1,0,0
DrewBarrymore_09,2,4,1,1,1,1,0,0,0,0,0,2,1,1,1,0,0
DrewBarrymore_10,3,3,1,1,1,1,0,0,0,0,0,2,1,0,1,0,0
DrewBarrymore_11,2,2,3,2,0,1,0,0,0,0,0,2,1,0,1,0,0
DrewBarrymore_12,1,1,1,1,1,1,0,0,0,0,0,2,1,2,1,0,0
DrewBarrymore_13,1,3,1,1,1,1,0,0,0,0,1,2,3,1,1,1,1
EdWestwick_01,1,4,1,1,1,1,2,0,0,0,0,2,1,0,1,1,0
EdWestwick_02,1,4,1,2,1,1,0,0,0,0,0,2,1,0,1,0,0
EdWestwick_03,1,1,1,1,1,1,0,0,0,0,0,1,1,0,1,0,0
ElinNordegren_01,2,1,1,1,1,1,0,0,0,0,0,2,1,0,1,0,0
ElinNordegren_02,2,1,4,2,1,1,0,0,0,1,0,2,1,0,1,1,0
ElinNordegren_03,2,1,1,3,0,1,0,0,0,0,0,1,1,0,1,0,0
ElinNordegren_04,1,4,1,1,1,1,0,0,1,0,0,2,1,0,1,1,0
ElinNordegren_05,1,2,1,4,1,1,0,0,0,0,0,1,1,0,1,0,0
ElisabethHasselbeck_01,2,4,1,1,1,1,0,0,0,0,0,2,1,1,1,1,0
ElisabethHasselbeck_02,2,1,4,2,1,1,0,0,0,1,0,2,3,1,1,1,0
ElisabethHasselbeck_03,1,4,1,1,1,1,0,0,0,0,0,2,1,1,1,1,0
ElisabethHasselbeck_04,1,2,1,1,0,1,0,0,0,0,0,1,1,1,1,1,0
EllenPompeo_01,2,4,4,2,1,1,0,0,0,0,1,2,3,2,1,0,0
EllenPompeo_02,1,2,1,1,0,0,0,0,0,0,0,1,1,1,1,1,0
EmilyBlunt_01,1,4,1,1,1,1,0,0,0,1,0,2,1,0,1,1,0
EmilyBlunt_02,1,4,4,2,1,1,0,0,0,0,0,2,1,0,1,0,0
EmilyBlunt_03,2,4,1,2,0,1,2,0,0,2,0,2,1,0,1,0,0
EmilyBlunt_04,1,1,1,1,1,1,0,0,0,0,0,2,1,0,1,0,0
EmmaRoberts_01,1,4,1,1,1,0,1,0,0,0,0,1,1,0,1,1,0
EmmaRoberts_02,1,3,1,2,1,1,0,0,0,0,0,2,1,0,1,0,0
EmmaRoberts_03,1,3,1,1,1,1,0,0,0,0,0,2,1,0,1,1,0
EmmaStone_01,2,3,1,1,1,1,0,2,0,0,0,2,1,0,1,0,0
EmmaStone_02,1,3,1,1,0,1,0,0,0,0,0,2,1,0,1,0,0
EmmaStone_03,2,1,4,2,1,1,2,0,0,0,0,2,3,2,1,0,0
EmmaStone_04,1,2,1,1,1,1,0,0,0,0,0,2,1,1,1,0,0
EmmaStone_05,1,3,1,3,1,0,1,0,0,0,0,1,1,0,1,1,0
EmmaStone_06,2,4,1,1,1,1,0,0,0,0,0,2,1,1,1,0,0
EmmaWatson_01,2,2,1,1,1,1,2,0,0,0,0,2,1,1,1,1,0
EmmaWatson_02,1,2,1,1,1,1,0,0,0,0,0,2,1,0,1,0,0
EmmaWatson_03,2,1,2,1,1,1,0,0,0,0,0,2,1,0,1,0,0
EvaLongoria_01,2,3,4,3,1,1,0,0,0,0,0,2,1,0,1,1,0
EvaLongoria_02,2,3,1,1,1,1,0,0,0,0,0,2,3,0,1,0,0
EvaLongoria_03,2,3,1,1,1,1,0,0,0,0,0,2,1,0,1,1,0
EvaLongoria_04,2,3,1,3,0,1,0,0,0,0,0,2,1,0,1,1,0
EvaLongoria_05,2,4,1,1,1,1,0,0,0,0,0,2,1,0,1,1,0
EvaLongoria_06,1,1,1,1,1,1,0,0,0,0,0,2,3,2,1,0,0
EvaLongoria_07,1,4,1,1,1,0,1,0,0,1,0,3,1,0,0,1,0
EvaLongoria_08,1,3,2,3,1,1,1,0,0,0,0,2,1,0,1,0,0
EvaLongoria_09,1,2,1,2,1,1,0,0,0,0,0,1,1,1,2,1,0
EvaLongoria_10,2,4,4,2,1,1,0,0,0,0,0,2,1,0,1,1,0
EvaLongoria_11,2,1,1,1,0,1,0,0,0,0,0,2,1,1,1,1,0
EvaMendes_01,1,1,1,2,1,1,0,0,0,0,0,2,1,0,1,0,0
EvaMendes_02,1,4,1,1,1,1,1,0,0,1,0,2,1,0,1,1,0
EvaMendes_03,2,4,4,2,1,1,0,0,0,0,0,2,1,0,1,0,0
EvaMendes_04,2,4,4,2,1,1,0,0,0,0,0,2,1,1,1,1,0
EvaMendes_05,2,3,1,1,1,1,0,0,0,0,0,2,1,0,1,0,0
EvaMendes_06,2,3,1,1,1,1,0,0,1,0,0,2,1,0,1,0,0
EvaMendes_07,2,4,1,2,0,1,0,0,0,1,1,2,3,0,1,0,0
EvaMendes_08,2,3,1,1,1,1,1,0,0,0,0,2,3,0,2,1,0
EvaMendes_09,1,3,1,1,1,1,0,0,0,0,0,2,1,1,1,0,0
EvaMendes_10,2,3,1,1,0,1,0,0,0,0,0,2,1,1,1,1,0
EvaMendes_11,2,3,1,3,1,1,0,0,0,0,1,2,1,1,1,1,0
EvanRachelWood_01,2,4,1,1,1,1,0,0,0,0,0,1,1,0,0,0,0
EvanRachelWood_02,2,4,1,1,0,0,1,0,0,1,0,3,1,0,0,0,0
EvanRachelWood_03,1,2,1,1,0,0,0,0,0,0,0,1,1,0,1,1,0
EvanRachelWood_04,2,4,1,2,1,1,0,0,0,0,1,2,1,1,1,1,1
EvanRachelWood_05,1,4,1,1,1,1,0,0,0,0,0,2,1,2,1,0,0
EvanRachelWood_06,1,4,3,3,1,1,0,0,0,0,0,2,1,0,1,1,0
EvangelineLilly_01,3,4,1,1,1,1,0,0,0,0,0,2,1,2,1,1,0
EvangelineLilly_02,1,4,1,1,0,1,0,0,0,0,0,2,1,0,1,0,0
EvangelineLilly_03,1,2,1,1,1,1,0,0,0,0,0,2,1,1,1,1,0
EvangelineLilly_04,2,3,1,2,1,1,2,0,0,0,0,2,1,0,2,0,0
EvangelineLilly_05,1,1,1,1,1,1,0,0,0,0,0,2,1,0,1,0,0
FaithHill_01,1,4,1,1,1,1,0,0,0,1,0,2,1,0,1,0,0
FaithHill_02,1,4,4,2,0,1,2,0,0,2,0,2,1,0,1,1,0
FaithHill_03,1,3,4,2,1,1,0,0,0,0,0,2,1,1,1,1,0
FaithHill_04,1,4,1,1,1,1,0,0,0,0,0,2,1,1,1,1,0
FaithHill_05,1,3,1,2,1,1,0,0,0,0,0,2,1,0,1,1,0
Fergie_01,2,4,4,2,1,1,0,0,0,0,0,2,1,0,1,0,0
Fergie_02,1,3,4,2,1,0,2,0,0,0,0,4,1,0,1,0,0
Fergie_03,2,4,1,1,1,1,0,0,0,0,1,2,1,2,1,1,0
Fergie_04,2,4,1,1,1,1,0,0,0,0,0,2,1,2,1,0,0
Fergie_05,1,2,1,1,1,1,0,0,0,0,0,2,1,0,1,0,0
Fergie_06,1,4,1,1,1,1,0,2,0,0,0,2,1,0,1,0,0
Fergie_07,2,3,1,1,0,1,0,0,0,2,0,2,1,1,1,1,0
Fergie_08,1,4,2,1,0,1,1,0,0,0,0,2,1,0,1,1,0
Fergie_09,1,2,1,1,0,1,0,0,0,0,0,2,3,0,1,0,0
Fergie_10,1,1,1,4,1,1,0,0,0,0,0,2,1,1,1,1,0
GeorgeClooney_01,2,3,1,3,1,1,0,0,0,0,0,1,1,0,1,0,0
GeorgeClooney_02,1,4,1,1,1,1,0,0,0,0,0,2,1,0,1,0,0
GerardButler_01,2,4,1,1,1,1,0,0,0,0,0,2,1,0,1,0,0
GerardButler_02,1,3,1,1,1,1,0,0,0,0,0,2,1,1,1,0,0
GiseleBu_ndchen_01,2,1,1,1,1,1,0,0,0,0,0,2,1,0,1,0,0
GiseleBu_ndchen_03,2,1,1,1,1,1,0,0,0,1,1,1,1,0,1,0,0
GiseleBu_ndchen_04,2,4,1,1,1,1,0,0,0,0,0,2,1,0,1,0,0
GiseleBu_ndchen_05,1,2,1,1,1,1,0,0,0,0,0,2,1,0,1,0,0
GiseleBu_ndchen_06,1,2,1,1,1,1,0,0,0,0,0,2,1,0,1,0,0
GiseleBu_ndchen_07,1,2,3,1,1,1,1,1,1,1,1,2,2,1,2,1,1
GiseleBu_ndchen_08,2,4,1,1,1,1,0,0,0,0,0,2,1,0,1,0,0
GiseleBu_ndchen_09,1,2,1,1,1,1,0,0,0,0,0,2,1,0,1,0,0
GiseleBu_ndchen_10,1,1,2,1,1,1,1,1,1,1,1,2,2,1,1,1,1
GiseleBu_ndchen_11,1,2,1,1,1,1,0,0,0,0,0,2,1,0,1,0,0
GiseleBu_ndchen_12,2,2,1,1,1,1,0,0,0,0,0,2,1,0,1,0,0
GiseleBu_ndchen_13,1,2,1,1,1,1,0,0,0,0,0,2,1,0,1,0,0
GiseleBu_ndchen_14,1,2,1,1,1,1,0,0,0,0,0,2,1,0,0,0,0
GiseleBu_ndchen_15,1,2,3,1,1,1,0,1,1,0,1,2,2,1,1,1,1
GiseleBu_ndchen_16,2,2,1,1,1,1,0,0,0,0,0,2,1,0,1,0,0
GwenStefani_01,1,3,1,1,1,1,1,0,0,0,0,2,1,0,1,0,0
GwenStefani_02,1,4,2,1,1,1,1,0,0,0,0,2,3,0,2,1,0
GwenStefani_03,2,1,1,1,1,1,0,0,0,1,0,2,1,0,1,0,0
GwenStefani_04,1,3,1,2,1,1,0,0,0,0,0,2,1,1,1,0,0
GwenStefani_05,1,2,1,1,1,1,0,0,0,0,0,2,1,1,1,1,0
GwenStefani_06,2,2,1,1,0,0,0,0,0,0,0,1,1,0,2,0,0
GwynethPaltrow_01,2,4,1,1,1,1,0,0,0,1,0,2,1,0,1,0,0
GwynethPaltrow_02,1,2,1,1,1,0,0,0,0,0,0,1,1,1,1,1,0
GwynethPaltrow_03,2,3,1,2,0,1,2,0,0,0,0,2,1,0,1,0,0
GwynethPaltrow_04,2,3,1,1,1,1,0,0,0,0,0,2,1,0,1,1,0
GwynethPaltrow_05,1,2,1,1,1,1,0,0,0,0,0,2,1,1,1,1,0
HalleBerry_01,2,4,1,1,1,1,0,0,0,0,0,2,1,2,1,0,0
HalleBerry_02,1,3,1,1,1,1,1,1,0,1,0,2,1,0,1,1,0
HalleBerry_03,1,3,1,1,1,1,0,0,0,0,0,2,1,2,1,1,0
HalleBerry_04,2,3,1,1,1,0,0,0,0,0,0,1,1,0,1,1,0
HalleBerry_05,2,4,1,2,1,1,0,0,1,0,0,2,1,0,1,0,0
HalleBerry_06,1,4,1,1,1,0,2,0,0,0,0,1,1,0,0,1,0
HalleBerry_07,1,2,1,1,1,1,0,0,0,0,0,2,1,2,1,0,0
HalleBerry_08,2,4,1,1,1,1,0,0,0,0,0,3,1,2,0,0,0
HalleBerry_09,1,4,1,2,1,1,0,0,0,1,0,2,1,0,1,0,0
HalleBerry_10,2,4,1,1,1,1,0,0,0,0,0,2,1,0,1,0,0
HalleBerry_11,1,3,1,2,1,1,0,0,0,0,0,2,1,2,1,0,0
HalleBerry_12,1,3,4,2,1,1,0,0,0,0,0,2,3,0,1,0,0
HalleBerry_13,2,1,1,1,0,1,0,0,0,0,0,2,1,2,1,1,0
HalleBerry_14,2,3,3,3,0,1,1,0,0,0,1,2,1,0,1,1,1
HalleBerry_15,2,4,1,1,1,1,0,0,0,0,0,2,1,1,1,0,0
HaydenPanettiere_01,1,2,1,1,0,1,0,0,0,0,0,2,1,1,1,1,0
HaydenPanettiere_02,2,1,1,1,1,1,2,0,0,0,1,2,1,2,1,1,0
HaydenPanettiere_03,2,1,1,1,1,0,0,2,0,0,0,1,1,0,1,0,0
HaydenPanettiere_04,1,3,3,1,0,1,2,0,0,0,0,1,1,0,1,0,0
HaydenPanettiere_05,2,4,1,2,1,0,1,0,0,0,0,1,1,0,0,0,0
HeatherLocklear_01,2,3,1,2,1,1,1,0,0,0,0,3,1,0,0,1,0
HeatherLocklear_02,2,4,4,2,0,1,0,0,0,0,0,2,1,0,1,0,0
HeatherLocklear_03,1,3,1,1,1,1,0,0,0,0,0,1,1,1,1,1,0
HeatherLocklear_04,2,3,1,1,1,1,0,0,0,1,0,2,1,1,1,1,0
HeatherLocklear_05,1,3,1,1,0,1,0,0,0,0,0,2,1,1,1,1,0
HeidiKlum_01,2,3,1,1,0,1,0,0,0,1,0,2,1,1,1,1,0
HeidiKlum_02,2,1,1,2,1,1,0,0,0,0,0,2,1,0,1,0,0
HeidiKlum_03,1,4,1,1,1,1,0,0,1,0,0,2,1,0,1,0,0
HeidiKlum_04,2,1,1,1,1,1,0,0,0,0,0,2,1,0,1,0,0
HeidiKlum_05,2,3,3,3,0,1,0,0,0,0,0,2,1,0,1,0,0
HeidiKlum_06,1,2,1,1,1,1,0,0,0,0,0,2,1,1,1,1,0
HeidiKlum_07,1,4,1,1,0,1,0,0,0,1,0,4,1,0,1,0,0
HeidiKlum_08,2,1,1,2,0,1,0,0,0,0,0,2,1,0,1,0,0
HeidiKlum_09,2,4,1,1,1,1,0,0,0,1,0,2,1,0,1,1,0
HeidiKlum_10,3,4,1,1,1,1,0,1,1,0,0,2,1,0,1,0,0
HeidiKlum_11,2,1,4,2,0,1,0,0,0,1,0,2,1,1,1,1,0
HeidiKlum_12,2,3,4,2,1,1,0,0,0,0,0,2,1,0,1,1,0
HeidiKlum_13,1,2,1,1,1,1,0,0,0,0,0,2,1,1,1,1,0
HeidiKlum_14,2,1,1,1,1,1,0,0,0,1,0,2,1,0,1,1,0
HeidiKlum_15,2,4,1,1,1,1,2,0,0,1,0,2,2,2,1,0,0
HeidiKlum_16,2,4,1,1,1,1,0,0,0,2,0,2,1,2,1,1,0
HeidiKlum_17,2,1,1,2,1,1,0,2,0,1,0,2,1,0,1,0,0
HeidiKlum_18,1,1,1,1,1,1,0,0,0,0,0,2,1,0,1,1,0
HeidiKlum_19,2,1,2,1,1,1,0,0,0,0,0,2,1,0,1,0,0
HeidiMontag_01,2,1,1,2,1,1,1,0,0,0,0,2,1,0,2,1,0
HeidiMontag_02,1,2,1,1,1,1,0,0,0,0,0,2,1,1,1,1,0
HeidiMontag_03,2,3,1,2,1,1,0,0,0,0,1,2,1,0,1,1,1
HeidiMontag_04,2,1,1,1,0,1,1,1,0,0,0,2,1,1,1,1,0
HeidiMontag_05,1,3,1,2,1,1,0,0,0,0,0,2,1,1,1,0,0
HeidiMontag_06,1,2,1,1,0,1,0,0,0,0,0,2,1,1,1,0,0
HeidiMontag_07,3,3,1,2,1,1,0,0,0,1,0,2,1,2,1,1,0
HeidiMontag_08,1,3,1,1,1,1,0,0,0,0,0,2,1,0,1,0,0
HeidiMontag_09,2,3,3,3,1,1,0,0,0,0,1,2,1,0,1,1,0
HeidiMontag_10,1,1,4,2,1,1,0,0,0,0,0,2,1,0,1,0,0
HeidiMontag_11,2,3,1,3,1,1,0,0,0,0,0,2,1,1,0,1,0
HeidiMontag_12,2,3,1,2,1,1,0,0,0,1,0,2,1,0,1,0,0
HeidiMontag_13,1,1,1,1,1,1,0,0,0,0,0,2,1,0,1,0,0
HilaryDuff_01,1,4,1,2,1,1,0,0,0,0,0,2,1,0,1,1,0
HilaryDuff_03,1,4,1,1,1,1,0,0,0,0,0,2,1,1,1,0,0
HilaryDuff_04,1,2,1,1,1,1,0,0,0,0,0,2,1,1,1,1,0
HilaryDuff_05,3,3,1,2,1,1,0,0,0,0,0,2,1,0,1,0,0
HilaryDuff_06,1,4,1,3,1,1,0,0,0,0,0,2,1,1,1,1,0
HughJackman_01,1,2,1,1,1,1,0,0,0,0,0,2,1,1,1,1,0
HughJackman_02,2,4,1,1,0,0,0,0,0,0,0,1,1,0,0,0,0
HughJackman_03,2,1,1,1,1,1,0,0,0,0,0,1,1,1,2,1,0
IslaFisher_01,1,4,1,3,1,1,1,0,0,0,0,2,1,0,1,0,0
IslaFisher_02,2,3,3,3,1,1,0,0,0,0,0,4,1,0,2,1,0
IslaFisher_03,1,4,1,2,1,1,0,0,0,0,0,2,3,0,1,0,0
IslaFisher_04,2,4,1,1,0,1,0,0,0,0,0,2,1,0,1,0,0
IslaFisher_05,2,4,1,1,1,1,0,0,0,0,0,2,1,0,1,0,0
IslaFisher_06,1,4,1,1,1,1,0,0,0,1,0,2,1,0,1,0,0
IslaFisher_07,1,4,1,1,1,1,0,0,0,0,0,2,3,0,1,1,0
JakeGyllenhaal_01,2,3,1,2,1,1,0,2,0,0,0,2,1,0,1,0,0
JakeGyllenhaal_02,2,4,1,1,1,1,0,0,0,0,0,2,1,0,1,0,0
JakeGyllenhaal_03,1,3,1,2,1,1,0,0,0,0,0,2,1,0,1,0,0
JakeGyllenhaal_04,2,4,1,3,1,1,0,0,2,1,0,2,1,0,1,0,0
JakeGyllenhaal_05,1,4,1,1,1,1,2,0,0,0,0,2,1,0,1,0,0
JakeGyllenhaal_06,1,3,4,2,1,1,0,0,0,0,0,2,1,0,1,0,0
JakeGyllenhaal_07,1,4,1,2,1,1,0,0,0,0,0,2,1,0,1,0,0
JamesFranco_01,2,4,1,1,1,0,1,0,0,0,0,1,1,0,0,1,0
JamesFranco_02,1,3,4,2,1,1,0,0,0,0,0,2,1,0,1,0,0
JamieLynnSpears_01,2,3,1,1,1,1,0,0,0,1,0,2,1,0,1,1,0
JamieLynnSpears_02,2,3,1,1,1,1,0,0,0,0,0,2,1,0,1,1,0
JamieLynnSpears_03,2,4,1,1,1,1,0,0,0,1,1,2,1,0,1,0,0
JamieLynnSpears_04,1,4,1,1,1,1,0,0,0,0,0,2,1,1,1,1,0
JamieLynnSpears_05,2,4,4,2,1,1,0,2,0,0,1,2,1,0,1,1,0
JamieLynnSpears_06,1,4,1,1,1,1,0,0,0,0,0,2,1,2,1,1,0
JamieLynnSpears_07,2,3,2,2,0,1,1,3,1,0,0,1,1,0,1,0,0
JamieLynnSpears_08,2,3,1,1,0,1,0,0,0,0,0,2,1,0,1,1,0
JamieLynnSpears_09,2,2,1,1,0,0,0,0,0,1,0,1,1,0,1,1,0
JamieLynnSpears_10,1,3,1,3,1,1,0,0,0,0,0,2,1,1,1,1,0
JanetJackson_01,2,4,1,1,1,1,0,0,0,0,0,2,1,1,1,1,0
JanetJackson_02,2,4,1,1,1,1,0,0,0,0,0,2,1,0,1,0,0
JanetJackson_03,2,4,1,1,1,1,0,0,0,1,0,2,1,0,1,0,0
JanetJackson_04,1,4,1,1,1,1,0,0,0,1,0,2,1,0,1,0,0
JanetJackson_05,1,3,1,1,1,1,0,0,0,0,0,1,1,1,1,1,0
JanetJackson_06,2,3,4,2,1,1,0,2,0,1,0,2,1,0,1,0,0
JanetJackson_07,2,3,2,2,0,1,0,1,0,0,0,2,1,0,1,0,0
JanetJackson_08,1,4,1,1,1,1,0,0,0,0,0,2,1,0,1,0,0
JanetJackson_09,2,4,1,1,1,1,0,0,0,1,0,2,1,0,1,0,0
JanetJackson_10,1,4,1,1,0,1,0,0,0,0,0,2,1,0,1,0,0
JanuaryJones_01,1,4,4,2,1,1,0,2,0,0,0,2,1,0,1,0,0
JanuaryJones_02,1,3,1,2,1,1,0,0,0,0,0,2,1,0,1,0,0
JanuaryJones_03,1,4,1,1,1,1,0,0,0,0,0,2,1,0,1,1,0
JenniferAniston_01,1,2,1,1,1,1,0,0,0,0,0,2,1,1,1,0,0
JenniferAniston_02,1,4,1,1,1,0,1,0,0,0,0,1,1,0,0,0,0
JenniferAniston_03,1,2,1,1,1,1,0,0,0,0,0,1,1,2,1,0,0
JenniferGarner_01,1,1,1,1,1,1,0,0,0,0,0,2,1,0,1,0,0
JenniferGarner_02,1,1,4,3,1,1,0,0,0,0,0,2,1,0,1,0,0
JenniferGarner_03,1,3,1,3,1,1,1,0,0,0,0,2,1,1,1,1,0
JenniferGarner_04,2,3,1,2,1,1,0,1,1,0,0,2,2,0,1,0,0
JenniferGarner_05,1,2,1,1,0,0,0,0,0,0,0,1,1,1,1,1,0
JenniferGarner_06,2,4,1,3,1,1,0,0,0,0,0,2,1,0,1,1,0
JenniferGarner_07,1,2,1,1,1,1,0,0,0,0,0,2,1,0,1,0,0
JenniferLawrence_01,1,4,2,3,1,1,0,1,0,0,0,2,1,0,1,1,0
JenniferLawrence_02,2,4,1,1,1,1,0,0,0,0,0,2,1,0,1,0,0
JenniferLawrence_03,1,2,1,1,1,1,0,0,0,0,0,2,1,1,1,0,0
JenniferLawrence_04,2,3,1,3,1,1,0,0,1,0,0,2,1,0,1,0,0
JenniferLawrence_05,2,4,4,2,1,1,0,0,0,0,0,2,1,0,1,0,0
JenniferLawrence_06,1,2,1,2,1,1,0,0,0,0,0,2,1,0,1,0,0
JenniferLopez_01,1,1,4,2,1,1,0,0,0,0,0,2,1,0,2,0,0
JenniferLopez_02,1,4,1,1,1,1,0,0,0,0,0,2,1,2,1,0,0
JenniferLopez_03,2,1,1,2,1,0,0,0,0,0,0,1,2,0,2,0,0
JenniferLopez_04,2,4,4,2,1,1,0,0,0,0,0,2,1,0,1,0,0
JenniferLopez_05,1,2,1,1,1,1,0,0,0,0,0,1,1,0,1,0,0
JenniferLopez_06,2,2,1,1,0,0,1,0,0,1,0,1,1,0,0,0,0
JenniferLopez_07,2,2,4,2,1,1,2,0,0,0,0,2,1,2,1,0,0
JenniferLopez_08,1,2,1,1,1,1,0,0,0,0,0,1,1,0,1,0,0
JenniferLopez_09,2,4,1,1,0,0,0,0,0,1,0,1,1,0,0,1,0
JenniferLopez_10,1,3,1,3,1,1,0,0,0,0,0,2,1,0,1,1,0
JennyMcCarthy_01,2,1,1,2,1,1,0,0,0,1,0,2,1,1,1,1,0
JennyMcCarthy_02,1,2,1,1,1,1,0,0,0,0,0,2,1,2,1,1,0
JennyMcCarthy_03,1,4,1,1,1,1,0,0,0,0,0,2,1,0,1,1,0
JennyMcCarthy_04,2,1,4,2,1,1,0,0,0,0,0,2,1,0,1,1,0
JennyMcCarthy_05,1,3,1,2,1,1,0,0,0,0,1,1,1,1,1,1,1
JennyMcCarthy_06,2,1,1,2,1,1,1,0,0,0,0,3,1,0,1,1,0
JennyMcCarthy_07,1,1,4,2,1,1,0,0,0,0,0,2,1,1,1,1,0
JennyMcCarthy_08,3,2,1,1,1,1,0,0,0,0,0,2,1,1,1,1,0
JennyMcCarthy_09,2,1,1,1,0,1,0,0,0,0,0,2,3,0,1,1,0
JennyMcCarthy_10,1,2,1,1,1,1,0,0,0,0,0,2,1,1,1,1,0
JennyMcCarthy_11,2,3,1,1,1,1,0,0,0,1,0,2,1,2,1,1,0
JennyMcCarthy_12,3,3,4,2,1,1,0,0,0,0,0,2,3,0,1,0,0
JessicaAlba_01,1,4,1,2,1,1,0,0,0,0,0,2,1,0,1,0,0
JessicaAlba_02,2,3,1,3,1,1,0,0,0,0,0,2,1,2,1,1,0
JessicaAlba_03,3,3,1,2,1,1,2,0,0,1,0,2,1,0,1,0,0
JessicaAlba_04,2,4,1,1,1,1,1,0,0,0,0,2,1,0,1,1,0
JessicaAlba_05,1,3,1,3,1,1,0,0,0,0,0,2,1,1,1,0,0
JessicaAlba_06,2,3,1,3,0,1,0,0,0,1,0,2,1,1,1,1,0
JessicaAlba_07,1,4,1,1,1,1,0,0,0,0,0,2,1,0,1,1,0
JessicaAlba_08,2,1,1,1,1,1,0,0,1,0,0,1,1,0,1,0,0
JessicaAlba_09,2,1,1,1,0,1,0,1,2,0,0,2,1,0,1,0,0
JessicaAlba_10,1,1,2,1,0,1,1,0,1,0,0,2,1,0,2,0,0
JessicaAlba_11,1,4,1,1,1,1,0,0,0,0,0,2,1,0,1,1,0
JessicaAlba_12,1,4,4,2,0,1,0,0,0,0,0,2,1,0,1,0,0
JessicaAlba_13,2,4,1,1,1,1,2,0,0,1,0,2,1,2,2,0,0
JessicaAlba_14,1,3,4,2,0,0,0,0,0,0,0,4,1,0,0,0,0
JessicaSimpson_01,2,4,1,1,0,1,0,0,0,1,0,2,1,0,1,0,0
JohnnyDepp_01,1,4,1,1,1,1,0,0,0,0,0,2,1,0,1,0,0
JohnnyDepp_02,1,1,1,1,1,1,0,0,0,1,0,2,1,0,0,0,0
JohnnyDepp_03,2,1,1,1,1,0,1,0,0,0,0,3,1,0,1,1,0
JohnnyDepp_04,1,4,1,1,1,1,2,0,0,0,0,4,1,0,0,0,0
JustinBieber_01,2,4,1,1,1,1,0,0,0,0,0,2,1,0,1,0,0
JustinBieber_02,2,4,1,1,1,1,0,0,0,0,0,2,1,0,1,0,0
JustinBieber_03,2,4,1,1,0,0,2,0,0,0,0,4,1,0,0,0,0
JustinBieber_04,2,1,1,1,1,1,0,0,0,0,0,2,1,0,2,1,0
JustinBieber_05,2,4,1,1,1,1,0,0,1,0,0,2,3,0,1,0,0
JustinBieber_06,1,4,1,1,1,1,0,0,0,0,0,2,1,0,1,0,0
JustinBieber_07,2,4,1,1,1,1,0,1,1,0,0,2,1,0,2,0,0
JustinTimberlake_01,2,4,1,1,1,1,0,0,0,0,0,2,1,0,1,0,0
JustinTimberlake_02,2,1,1,1,1,1,0,0,0,1,0,2,1,0,1,1,1
KanyeWest_01,1,4,1,1,1,1,0,0,0,0,0,2,1,0,1,1,0
KateBeckinsale_01,1,4,1,1,0,1,0,0,0,2,0,2,1,0,1,0,0
KateBeckinsale_02,2,4,1,1,1,1,0,0,0,0,1,2,1,0,1,1,0
KateBeckinsale_03,2,4,1,1,0,1,0,0,0,2,0,2,1,0,1,1,0
KateBeckinsale_04,2,4,1,1,1,1,0,0,0,1,0,2,1,0,1,0,0
KateBeckinsale_05,2,4,1,1,0,1,1,0,0,1,0,2,1,0,1,1,0
KateBeckinsale_06,2,3,4,2,1,1,0,0,0,1,0,2,1,0,1,0,0
KateBeckinsale_07,1,2,1,1,0,0,0,0,0,0,0,2,1,1,1,1,0
KateBeckinsale_08,1,2,1,1,1,0,2,0,0,0,0,4,1,0,1,0,0
KateBeckinsale_09,1,2,1,1,1,1,0,0,0,0,0,2,1,1,1,1,0
KateBeckinsale_10,1,2,1,1,1,1,0,0,0,0,0,1,1,1,1,1,0
KateBosworth_01,1,4,4,2,0,1,1,0,0,0,1,2,1,0,1,1,0
KateBosworth_02,1,2,1,1,1,1,0,0,0,0,0,2,1,0,1,0,0
KateBosworth_03,3,4,1,1,1,0,2,0,0,0,0,4,1,0,0,0,0
KateGosselin_01,1,2,1,4,1,1,0,0,0,0,0,2,1,1,1,1,0
KateHudson_01,1,2,1,1,0,1,0,0,0,0,0,1,1,0,1,0,0
KateHudson_02,2,1,4,2,1,1,0,0,0,0,0,2,1,1,1,0,0
KateHudson_03,2,4,1,1,1,1,0,0,0,1,0,2,1,0,2,0,0
KateHudson_04,2,1,1,4,1,0,0,0,0,0,0,1,1,1,1,1,0
KateHudson_05,2,3,4,2,1,1,2,0,0,0,0,2,1,0,1,1,0
KateHudson_06,2,4,1,1,1,1,0,0,0,1,0,2,1,0,1,0,0
KateHudson_07,2,3,1,3,0,1,0,0,0,0,0,2,1,0,1,0,0
KateHudson_08,2,4,1,1,0,1,0,0,0,0,0,2,1,1,1,0,0
KateMoss_01,1,4,1,2,1,1,0,0,0,0,0,2,1,0,1,0,0
KateMoss_02,1,3,4,2,1,1,0,2,0,1,0,2,1,0,1,0,0
KateMoss_03,1,4,1,1,1,1,0,0,0,0,0,2,1,0,1,1,0
KateMoss_04,2,4,2,1,0,1,0,0,0,1,0,2,1,0,1,1,0
KateMoss_05,1,3,4,2,0,0,2,0,0,0,1,1,1,0,1,1,0
KateMoss_06,1,2,1,1,1,1,0,0,0,0,0,2,1,0,1,0,0
KateMoss_07,2,3,1,1,1,0,1,0,0,0,0,1,1,0,1,0,0
KateMoss_08,1,3,2,3,0,1,0,0,0,0,0,2,1,0,1,1,0
KateMoss_09,1,2,1,1,0,0,0,0,0,0,0,1,1,1,1,0,0
KateMoss_10,3,4,4,2,1,1,0,2,0,0,0,2,1,0,1,0,0
KateMoss_11,1,4,4,2,0,1,0,2,0,0,0,2,1,0,1,0,0
KateMoss_12,2,1,1,3,0,1,0,1,1,0,0,2,1,0,1,1,0
KateMoss_13,2,3,4,2,0,1,2,0,0,0,0,2,1,0,1,0,0
KateMoss_14,3,3,4,2,0,1,0,0,0,0,0,2,1,0,1,0,0
KateMoss_15,2,3,4,3,1,1,0,2,0,0,0,1,1,0,1,1,0
KateMoss_16,1,4,1,1,1,1,0,0,0,2,0,2,1,0,2,1,0
KateMoss_17,2,3,1,3,0,1,0,0,0,1,0,2,1,0,1,1,0
KateMoss_18,1,3,1,2,1,1,0,0,0,0,0,2,1,0,1,1,1
KateMoss_19,1,3,1,1,0,1,0,0,0,0,0,2,1,0,1,1,0
KateWalsh_01,1,4,2,1,0,1,1,0,0,1,0,1,3,0,1,1,0
KateWalsh_02,1,4,1,1,1,1,0,0,0,0,0,2,1,1,1,0,0
KateWalsh_03,2,4,1,1,1,1,0,0,0,0,0,2,3,0,1,1,0
KateWalsh_04,1,3,4,2,0,1,0,0,0,0,1,2,1,0,1,1,0
KateWinslet_01,2,3,4,2,1,1,0,0,0,0,0,2,1,0,1,0,0
KateWinslet_02,2,3,4,2,1,1,0,0,0,0,0,2,1,0,1,0,0
KateWinslet_03,1,4,1,1,1,1,0,0,0,0,0,2,1,1,1,0,0
KateWinslet_04,3,3,1,2,0,0,1,0,0,0,0,1,1,0,0,0,0
KateWinslet_05,1,4,1,1,1,1,0,0,0,0,0,2,1,0,1,1,0
KatharineMcPhee_01,2,4,2,1,1,1,0,0,0,0,0,2,1,0,1,1,0
KatharineMcPhee_02,2,4,1,1,0,1,0,0,0,0,0,2,1,2,1,0,0
KatharineMcPhee_03,1,4,1,2,0,1,0,0,0,1,0,2,1,0,1,1,0
KatharineMcPhee_04,1,4,4,2,1,1,0,0,0,0,0,2,1,0,1,0,0
KatharineMcPhee_05,2,3,4,2,0,1,2,0,0,0,0,4,1,0,1,0,0
KatharineMcPhee_06,1,4,1,1,1,1,0,0,0,0,0,2,1,2,1,0,0
KatharineMcPhee_07,1,3,4,2,1,1,0,0,0,0,1,2,1,0,1,0,0
KatharineMcPhee_08,2,4,1,2,0,1,0,0,0,2,0,2,1,0,1,1,0
KatharineMcPhee_09,1,3,4,2,1,1,0,2,0,0,0,2,1,0,1,0,0
KatharineMcPhee_10,1,4,1,1,1,1,0,0,0,0,0,2,1,1,1,1,0
KatharineMcPhee_11,2,4,1,3,1,1,0,0,0,0,0,2,2,0,1,1,0
KatharineMcPhee_12,1,1,4,2,0,1,0,0,0,0,0,2,1,0,1,0,0
KatharineMcPhee_13,1,2,1,1,1,1,0,0,0,0,0,2,1,0,1,0,0
KatharineMcPhee_14,1,3,1,3,1,1,0,0,0,0,0,2,1,0,1,1,0
KatharineMcPhee_15,1,1,2,3,0,1,0,0,0,0,0,2,1,0,0,1,0
KatharineMcPhee_16,1,3,1,2,0,1,0,0,0,0,0,1,1,0,1,0,0
KatharineMcPhee_17,1,2,1,1,0,1,0,0,0,0,0,1,1,2,1,0,0
KatharineMcPhee_18,1,3,1,3,1,1,1,0,0,0,0,2,1,0,1,0,0
KatherineHeigl_01,1,2,1,1,1,1,2,0,0,0,0,2,1,1,1,1,0
KatherineHeigl_02,2,4,1,1,1,1,0,0,0,0,0,2,1,0,1,1,0
KatherineHeigl_03,2,4,1,1,1,1,0,0,0,0,1,2,3,0,3,0,0
KatherineHeigl_04,2,3,1,3,0,1,0,0,0,2,0,2,1,0,1,0,0
KatherineHeigl_05,2,2,1,1,0,0,0,0,0,0,0,1,1,0,1,0,0
KatherineHeigl_06,1,1,4,2,1,1,0,0,0,0,0,2,1,0,1,0,0
KatherineHeigl_07,1,4,1,2,1,1,0,0,0,0,1,2,1,1,1,1,0
KatherineHeigl_08,2,3,4,2,1,1,0,0,0,1,0,2,1,1,1,1,0
KatherineHeigl_09,1,2,1,1,1,1,2,0,0,0,0,4,1,0,1,0,0
KatherineHeigl_10,2,1,1,1,1,1,2,0,0,0,0,1,1,1,1,1,0
KatherineHeigl_11,1,4,1,1,1,0,0,0,0,0,0,1,1,1,1,1,1
KatherineHeigl_12,1,3,4,2,1,0,0,0,0,1,0,1,1,0,1,0,0
KatherineHeigl_13,2,4,1,1,1,1,2,0,0,0,0,2,3,2,1,0,0
KatherineHeigl_14,2,3,1,3,0,1,0,0,0,2,0,2,1,0,1,0,0
KatherineHeigl_15,1,2,1,1,1,1,0,0,0,0,0,2,1,0,1,0,0
KatherineHeigl_16,2,1,1,1,1,1,2,0,0,0,0,2,1,2,1,0,0
KatherineHeigl_17,2,3,2,3,1,1,1,1,1,0,0,2,1,1,2,1,0
KatherineHeigl_18,2,3,1,1,1,1,0,0,0,0,0,2,1,0,1,0,0
KatherineHeigl_19,1,2,1,1,0,1,0,0,0,0,0,2,1,1,1,1,0
KatherineHeigl_20,2,4,1,1,1,1,0,0,0,0,0,2,1,0,1,1,0
KatherineHeigl_21,2,4,1,3,1,1,2,0,0,0,0,2,1,0,2,1,0
KatherineHeigl_22,2,3,1,3,0,1,0,0,0,0,0,2,1,0,1,0,0
KatieHolmes_01,1,4,1,1,1,1,0,0,0,0,0,2,1,0,1,0,0
KatieHolmes_02,2,4,4,2,0,1,0,0,0,1,0,2,1,0,0,0,0
KatieHolmes_03,1,3,1,2,1,1,2,0,0,0,0,1,1,0,1,0,0
KatieHolmes_04,2,1,3,3,1,1,0,0,0,0,0,2,1,0,1,0,0
KatyPerry_01,2,3,4,2,1,1,0,0,0,0,0,2,1,0,1,0,0
KatyPerry_02,1,3,4,2,1,1,0,0,0,1,1,2,3,0,1,1,1
KatyPerry_03,1,2,1,1,1,1,0,0,0,0,0,2,1,0,1,0,0
KatyPerry_04,1,4,1,2,1,1,0,0,0,0,0,2,1,0,1,1,0
KatyPerry_05,1,3,1,1,1,1,0,0,0,1,1,3,3,0,1,0,0
KatyPerry_06,1,4,1,1,1,1,0,0,0,0,0,2,1,1,1,1,0
KatyPerry_07,2,4,1,1,1,1,2,0,0,2,1,2,1,0,2,1,1
KatyPerry_08,2,2,1,1,1,1,0,0,0,0,0,2,1,0,1,0,0
KeanuReeves_01,1,1,1,1,1,1,0,0,0,0,0,2,1,0,1,0,0
KeanuReeves_02,2,2,1,1,1,1,0,0,0,0,0,1,1,0,2,1,0
KeanuReeves_03,3,1,1,1,0,0,0,0,0,1,0,1,1,0,1,0,0
KeanuReeves_04,2,1,1,1,1,1,0,0,0,1,0,2,1,1,1,0,0
KeanuReeves_05,2,2,1,1,0,1,0,0,0,0,0,2,1,0,1,0,0
KeiraKnightley_01,1,4,4,2,0,1,0,0,0,0,0,2,1,0,1,1,1
KeiraKnightley_02,2,3,1,1,0,1,2,0,0,0,0,2,1,0,1,0,0
KeiraKnightley_03,2,4,1,1,1,1,0,0,0,0,0,2,1,0,1,1,0
KeiraKnightley_04,1,4,1,1,1,1,0,0,0,0,0,2,1,0,1,1,0
KeiraKnightley_05,1,3,1,2,1,1,0,0,0,0,0,2,1,0,1,0,0
KeiraKnightley_06,2,4,1,1,1,1,0,0,0,0,0,2,1,1,1,1,1
KeiraKnightley_07,2,3,1,2,1,1,0,0,0,0,0,2,1,0,1,0,0
KeiraKnightley_08,2,4,1,1,1,1,0,0,0,0,0,2,1,0,1,1,0
KeithUrban_01,1,1,4,2,1,1,0,0,0,0,0,2,1,0,1,0,0
KellanLutz_01,2,4,1,1,1,1,0,0,0,0,0,2,1,1,1,0,0
KellanLutz_02,2,4,1,1,1,1,2,0,0,1,0,2,1,0,1,0,0
KellanLutz_03,2,4,1,1,1,1,0,0,0,0,0,2,1,0,1,0,0
KellanLutz_04,2,3,1,1,1,1,2,0,0,0,0,4,1,0,1,0,0
KellanLutz_05,1,4,1,1,1,1,0,0,0,0,0,2,1,0,1,0,0
KellanLutz_06,1,4,1,1,1,1,0,0,0,0,0,2,2,0,1,1,0
KelliePickler_01,1,2,1,1,1,1,0,0,0,0,0,2,1,2,1,0,0
KelliePickler_02,2,3,1,2,1,0,1,0,0,0,0,1,1,0,0,0,0
KelliePickler_03,1,4,1,1,1,1,0,0,0,0,0,2,1,1,1,1,0
KelliePickler_04,1,4,1,2,1,1,2,0,0,0,0,2,1,0,1,0,0
KellyClarkson_01,2,4,1,3,0,1,0,0,0,0,1,2,3,1,1,1,1
KellyClarkson_02,1,2,1,1,1,1,0,0,0,1,0,2,1,0,1,0,0
KellyClarkson_03,1,3,1,1,0,1,0,0,0,0,0,2,1,0,1,0,0
KellyClarkson_04,1,3,1,1,0,1,0,0,0,0,0,2,1,2,2,1,0
KellyRipa_01,1,3,1,1,0,0,0,0,0,0,0,2,1,1,1,1,0
KellyRipa_02,1,3,1,1,1,1,0,0,0,0,1,2,1,1,1,1,0
KellyRipa_03,1,4,1,1,0,0,1,0,0,0,0,1,1,0,0,1,1
KendraWilkinson_01,2,1,1,1,1,1,0,0,0,0,0,2,3,0,1,1,0
KendraWilkinson_02,2,2,1,1,1,1,0,0,0,0,0,2,1,1,0,1,0
KendraWilkinson_03,1,2,1,1,1,1,0,0,0,0,0,2,1,1,1,1,0
KendraWilkinson_04,2,1,1,1,1,1,0,0,0,0,0,2,1,0,1,1,0
KendraWilkinson_05,3,2,1,1,1,1,0,0,0,0,0,2,1,1,1,0,0
KendraWilkinson_06,2,1,1,3,0,1,0,0,0,1,0,2,1,0,1,0,0
KendraWilkinson_07,2,2,1,1,0,1,0,0,0,0,0,2,1,1,1,0,0
KendraWilkinson_08,1,4,1,1,1,1,0,0,0,0,0,2,1,1,1,1,0
KendraWilkinson_09,2,1,4,2,0,0,0,0,0,0,0,2,1,0,0,1,0
KendraWilkinson_10,2,1,1,1,1,1,0,0,0,0,0,2,1,1,1,1,0
KendraWilkinson_11,2,1,1,3,0,1,0,0,0,1,0,2,1,0,2,0,0
KendraWilkinson_12,2,1,1,1,0,1,0,0,0,1,0,2,1,0,1,0,0
KendraWilkinson_13,1,3,1,1,0,1,0,0,0,0,0,1,1,0,1,1,0
KendraWilkinson_14,2,3,1,1,1,1,0,0,0,0,0,2,1,0,1,0,0
KendraWilkinson_15,1,4,1,1,1,1,0,0,0,0,0,2,1,0,1,0,0
KendraWilkinson_16,2,4,1,1,0,1,0,0,0,0,0,1,1,0,1,1,0
KendraWilkinson_17,1,1,1,2,1,1,0,0,0,0,0,1,1,0,1,1,0
KendraWilkinson_18,2,1,1,1,1,1,0,0,0,0,0,2,1,1,1,1,0
KendraWilkinson_19,2,2,1,1,1,1,0,0,0,1,0,2,1,2,1,1,0
KendraWilkinson_20,1,2,4,2,0,1,0,0,0,0,0,2,1,0,1,0,0
KennyChesney_01,2,2,1,2,1,1,0,0,0,0,0,2,1,0,1,0,0
KennyChesney_02,2,1,1,1,1,0,0,0,0,0,0,1,1,0,1,0,0
KennyChesney_03,2,1,1,1,1,0,0,0,0,0,0,1,1,0,1,0,0
KeriRussell_01,2,4,1,1,0,1,0,0,0,0,0,2,1,1,1,1,0
KeriRussell_02,2,3,1,3,1,1,0,0,0,0,0,2,1,0,1,1,0
KeriRussell_03,2,4,1,1,1,1,0,0,0,0,0,2,1,0,1,0,0
KeriRussell_04,1,2,1,1,1,1,0,0,0,0,0,2,1,0,1,0,0
KeriRussell_05,2,4,1,1,1,1,0,0,0,0,0,2,1,1,1,0,0
KerryWashington_01,2,3,1,3,1,1,0,0,0,0,0,2,1,0,1,0,0
KerryWashington_02,1,4,1,2,1,1,0,0,0,0,0,2,1,0,1,0,0
KerryWashington_03,1,4,1,3,1,1,1,0,0,0,0,2,1,0,1,1,0
KevinFederline_01,1,2,1,1,1,0,0,0,0,0,0,1,1,0,1,0,0
KhloE_Kardashian_01,1,1,1,1,1,1,0,0,0,0,0,2,1,0,1,0,0
KhloE_Kardashian_02,1,2,1,1,1,1,0,0,0,0,0,2,1,0,1,0,0
KhloE_Kardashian_03,1,2,1,1,1,1,0,0,0,0,0,2,1,0,1,0,0
KhloE_Kardashian_04,2,4,1,1,1,1,0,0,0,0,0,2,1,0,1,0,0
KhloE_Kardashian_05,1,3,1,1,1,1,0,0,0,0,0,2,1,0,1,0,0
KhloE_Kardashian_06,2,1,1,1,1,1,0,0,0,0,0,2,1,0,1,0,0
KhloE_Kardashian_07,2,2,1,1,1,1,0,0,0,0,0,2,1,0,1,0,0
KimKardashian_01,2,3,1,1,1,1,2,0,0,0,1,2,1,1,1,1,0
KimKardashian_02,2,1,1,1,1,0,0,0,0,0,0,1,1,1,2,1,0
KimKardashian_03,1,2,1,1,1,1,0,0,0,0,0,2,1,0,1,0,0
KimKardashian_04,2,4,1,1,1,1,0,0,0,1,0,2,1,0,1,0,0
KimKardashian_05,2,1,1,1,1,1,2,0,0,0,1,2,1,0,1,1,0
KimKardashian_06,2,4,1,1,1,1,0,0,0,0,0,2,1,1,1,0,0
KimKardashian_07,1,4,1,1,1,1,0,0,0,0,1,2,1,0,1,1,0
KirstenDunst_01,2,3,4,2,1,1,0,0,0,0,0,2,1,0,1,0,0
KirstenDunst_02,1,2,1,1,0,0,0,0,0,0,0,1,1,1,1,1,0
KirstenDunst_03,1,3,1,3,1,1,0,0,1,0,0,2,1,0,1,0,0
KirstieAlley_01,1,4,1,2,1,1,0,0,0,1,0,2,1,0,1,0,0
KirstieAlley_02,1,4,1,1,1,1,0,0,0,0,0,2,1,2,1,1,0
KourtneyKardashian_01,2,1,1,1,1,0,0,0,1,0,0,1,1,2,1,0,0
KourtneyKardashian_02,1,3,1,1,1,1,0,0,0,0,0,1,1,0,1,0,0
KourtneyKardashian_03,2,3,1,1,0,1,0,0,0,0,0,2,1,0,1,0,0
KourtneyKardashian_04,2,4,1,2,1,1,1,0,0,0,0,2,1,0,1,1,0
KourtneyKardashian_05,2,4,1,1,1,1,0,0,0,1,0,2,1,0,1,1,0
KourtneyKardashian_06,2,3,1,1,1,1,0,0,0,0,0,2,1,0,1,1,0
KourtneyKardashian_07,2,4,1,3,1,1,0,1,1,0,0,2,1,0,1,0,0
KourtneyKardashian_08,2,1,1,1,1,1,0,0,0,0,0,2,1,1,1,1,0
KourtneyKardashian_09,2,3,4,2,1,1,0,0,0,0,0,2,1,0,1,1,0
KourtneyKardashian_10,3,4,1,1,0,0,0,0,0,0,0,1,1,0,0,0,0
KrisAllen_01,1,4,1,1,1,1,0,0,0,0,0,2,1,1,1,0,0
KrisAllen_02,2,1,1,2,0,1,0,0,0,0,0,2,1,1,1,1,0
KrisAllen_03,1,3,1,2,1,1,0,0,0,0,0,2,1,0,1,0,0
KristenBell_01,1,4,2,1,1,1,0,0,0,0,0,2,1,0,1,0,0
KristenBell_02,2,3,4,2,1,1,0,0,0,0,0,2,1,0,1,1,0
KristenBell_03,2,4,1,1,1,1,0,0,0,0,0,2,1,0,0,0,0
KristenBell_04,1,2,1,1,1,1,0,0,0,0,0,2,1,1,1,1,0
KristenBell_05,2,4,1,1,1,1,0,0,0,0,0,2,1,0,3,1,0
KristenBell_06,1,1,4,2,0,1,0,0,0,0,0,2,1,0,1,1,0
KristenBell_07,2,1,4,2,1,1,2,0,0,0,0,2,1,0,1,0,0
KristenBell_08,2,1,1,1,1,1,0,0,0,0,0,2,1,0,1,1,0
KristenBell_09,2,3,1,1,1,1,0,0,0,0,0,2,1,0,1,1,0
KristenBell_10,2,1,1,1,1,1,0,0,0,0,0,2,1,1,1,1,0
KristenStewart_01,1,3,1,1,1,1,0,0,0,0,0,2,1,0,1,1,0
KristenStewart_02,1,4,1,1,1,1,0,0,0,0,0,2,1,1,1,0,0
KristenStewart_03,1,4,1,1,1,1,0,0,0,0,0,2,1,0,1,1,1
KristenStewart_04,2,2,1,1,1,1,0,0,0,0,0,2,1,0,1,1,0
KristenStewart_05,2,4,1,1,1,1,0,0,1,0,0,2,1,0,1,0,0
KristenStewart_06,2,3,1,3,0,1,0,0,0,0,0,2,1,0,2,1,0
KristenStewart_07,1,4,1,1,1,1,0,0,1,0,1,2,1,0,1,1,0
LadyGaga_01,2,3,1,1,1,1,1,0,0,1,1,2,1,0,2,1,1
LadyGaga_02,2,2,1,4,0,0,0,0,0,0,0,1,1,0,0,1,0
LadyGaga_03,1,4,1,1,1,1,0,0,0,0,0,2,1,0,1,1,1
LadyGaga_04,2,4,1,1,1,1,0,0,0,1,0,2,1,0,1,0,0
LadyGaga_05,1,2,1,1,1,1,0,0,0,0,0,2,1,0,1,0,0
LadyGaga_06,1,2,1,1,1,1,0,0,0,0,0,2,1,1,1,0,0
LadyGaga_07,2,3,1,2,1,1,0,0,0,1,0,2,1,1,1,1,0
LanaDelRey_01,1,2,1,1,1,1,0,0,0,0,0,2,1,0,1,0,0
LanaDelRey_02,3,4,1,2,1,1,1,0,0,0,0,2,1,0,0,0,0
LanaDelRey_03,2,3,1,1,1,1,0,0,0,1,0,2,1,0,2,1,0
LanaDelRey_04,2,4,4,2,0,1,1,0,0,0,0,2,1,0,1,1,0
LanaDelRey_05,2,2,1,1,1,1,0,0,0,0,0,2,1,0,1,0,0
LanaDelRey_06,2,3,1,1,1,1,2,0,0,0,0,4,1,0,0,0,0
LanaDelRey_07,2,4,1,1,0,0,0,0,0,1,0,1,1,0,1,0,0
LanaDelRey_08,1,4,1,1,0,1,0,0,0,0,0,2,1,0,1,0,0
LanaDelRey_09,1,4,1,1,0,1,0,0,0,0,0,2,1,1,1,1,1
LanaDelRey_10,2,4,1,1,1,1,1,0,0,0,0,2,1,0,1,1,0
LaurenConrad_01,2,1,1,1,1,1,0,0,0,0,0,2,1,1,1,1,0
LaurenConrad_02,2,2,1,1,1,1,0,0,0,0,0,2,1,1,1,1,0
LaurenConrad_03,2,1,2,1,0,1,0,0,0,0,0,2,1,1,1,1,0
LaurenConrad_04,1,4,4,2,0,1,0,0,0,0,0,2,3,0,1,0,0
LaurenConrad_05,1,3,1,3,0,1,0,0,0,0,0,2,1,0,1,0,0
LeightonMeester_01,1,4,1,1,1,1,0,0,0,0,0,2,1,0,1,1,0
LeightonMeester_02,2,3,1,1,1,1,0,0,0,0,0,2,1,0,1,0,0
LeightonMeester_03,2,3,1,1,0,1,2,0,0,0,0,2,1,0,1,1,0
LeightonMeester_04,2,2,4,2,1,1,0,0,0,0,0,2,1,0,1,0,0
LeightonMeester_05,1,3,4,2,1,1,0,0,0,0,0,2,1,1,1,1,0
LeightonMeester_06,2,1,1,1,1,1,0,0,0,0,0,2,1,1,1,1,0
LeightonMeester_07,1,4,1,1,0,1,0,0,0,0,0,2,1,2,1,0,0
LeightonMeester_08,2,3,3,3,0,1,2,0,0,0,0,2,1,0,1,0,0
LeightonMeester_09,1,3,4,2,1,1,0,2,0,1,0,2,1,0,1,1,0
LeightonMeester_10,1,3,1,4,1,1,0,0,0,0,0,1,1,1,1,1,0
LeonardoDiCaprio_01,1,2,1,1,1,1,0,0,0,0,0,1,1,0,2,0,0
LeonardoDiCaprio_02,1,4,1,1,1,1,0,1,1,0,0,2,1,0,1,0,0
LeonardoDiCaprio_03,1,4,1,1,1,1,0,0,0,0,0,1,3,1,1,1,0
LeonardoDiCaprio_04,2,2,1,1,0,0,0,0,0,0,0,1,1,0,1,0,0
LiamHemsworth_01,2,1,1,1,1,1,0,0,0,0,0,2,1,2,1,0,0
LiamHemsworth_02,2,3,1,1,0,0,0,0,0,0,0,1,1,0,1,0,0
LiamHemsworth_03,1,2,1,4,1,1,0,0,0,0,0,1,1,0,1,0,0
LiamHemsworth_04,2,1,2,1,1,1,0,0,0,0,1,2,1,0,1,0,1
LindsayLohan_01,1,1,1,1,1,1,0,0,1,0,0,2,1,2,2,0,0
LindsayLohan_02,2,3,1,1,1,1,0,0,0,0,0,2,1,0,1,1,0
LindsayLohan_03,2,4,4,2,1,1,0,0,0,2,0,2,1,0,1,1,0
LindsayLohan_04,1,3,4,2,1,1,0,0,0,1,0,2,1,2,1,1,0
LindsayLohan_05,2,2,1,1,1,0,0,0,0,0,0,1,2,0,1,1,0
LindsayLohan_06,2,4,1,1,1,1,0,0,0,1,0,2,1,0,1,1,0
LindsayLohan_07,2,4,1,1,1,1,0,0,0,0,0,2,1,0,1,1,0
LindsayLohan_08,2,3,1,2,1,1,0,0,2,0,0,2,1,1,1,1,0
LindsayLohan_09,1,3,1,1,1,1,0,0,0,1,0,2,1,1,1,1,0
LindsayLohan_10,1,4,1,1,1,1,0,0,0,0,0,2,1,0,1,0,0
Madonna_01,2,4,1,1,1,1,0,0,0,0,0,2,3,0,1,1,0
Madonna_02,2,4,4,2,1,1,0,0,0,0,1,2,1,0,1,1,1
Madonna_03,1,4,1,3,1,1,0,0,0,2,0,1,1,0,2,1,0
Madonna_04,2,4,1,1,1,1,0,0,1,0,0,2,1,0,1,0,0
Madonna_05,1,4,1,1,1,1,0,0,0,2,1,2,1,0,1,1,1
Madonna_06,2,3,2,1,1,1,1,0,0,0,0,2,1,0,2,1,0
Madonna_07,1,4,1,1,1,1,0,0,0,0,0,2,1,0,1,0,0
Madonna_08,3,3,1,3,1,1,0,0,0,1,1,2,1,0,1,1,0
Madonna_09,2,4,1,1,1,1,0,2,0,0,0,2,1,0,1,0,0
Madonna_10,1,4,1,1,1,1,0,0,0,0,1,2,1,0,1,1,1
MaggieGyllenhaal_01,1,4,1,1,1,1,1,0,0,0,0,3,3,1,1,0,0
MaggieGyllenhaal_02,2,3,1,2,1,1,0,0,1,0,0,2,1,2,1,0,0
MaggieGyllenhaal_03,1,4,1,1,0,1,0,0,0,0,0,2,1,0,1,0,0
MaggieGyllenhaal_04,2,3,4,2,1,1,0,0,0,0,0,2,1,0,1,0,0
MaggieGyllenhaal_05,1,3,1,2,0,1,2,0,0,0,0,2,1,0,1,0,0
MariahCarey_01,2,4,1,1,1,1,1,0,2,0,0,2,1,0,1,1,0
MariahCarey_02,2,4,1,1,0,1,0,0,0,0,0,2,1,1,1,1,0
MarioLopez_01,2,3,1,1,0,0,0,0,0,0,0,2,1,0,1,0,0
MarioLopez_02,1,4,1,1,1,1,0,0,0,0,0,2,1,1,1,0,0
MarioLopez_03,2,4,1,1,1,1,0,0,0,0,0,2,1,1,1,1,0
MarioLopez_04,2,1,1,2,0,0,2,0,0,0,0,4,1,0,0,0,0
MarioLopez_05,2,3,1,3,1,1,0,0,2,1,0,1,1,1,1,1,0
MarkBallas_01,1,4,1,1,1,1,0,0,0,0,0,2,1,0,1,0,0
MarkBallas_02,2,2,1,1,1,1,0,0,0,0,0,2,1,0,0,0,0
MarkBallas_03,2,2,1,1,1,1,0,0,0,0,1,2,1,1,2,0,0
MarkBallas_04,1,4,1,1,1,1,0,0,0,0,0,2,1,1,1,1,0
MarkBallas_05,2,4,1,1,1,1,0,1,1,0,0,2,1,0,1,0,0
MarkWahlberg_01,2,4,1,1,1,1,0,0,0,1,0,2,2,0,1,0,1
MarkWahlberg_02,2,1,1,4,1,0,0,0,0,0,0,1,2,0,2,1,0
MarkWahlberg_03,2,4,1,1,1,1,0,0,0,0,0,2,1,1,2,1,0
MarkWahlberg_04,2,4,1,1,1,1,0,0,0,1,0,2,1,0,2,0,0
MarkWahlberg_05,2,4,1,1,1,1,0,0,0,1,0,2,1,1,2,0,0
MarkWahlberg_06,2,1,1,1,0,0,0,0,0,0,0,1,1,1,1,1,0
MarkWahlberg_07,1,3,1,3,1,1,0,0,0,0,0,2,1,1,2,1,0
MarkWahlberg_08,2,4,1,1,1,0,1,0,1,0,0,1,1,0,1,1,0
MattDamon_01,1,4,1,1,1,1,0,0,0,0,0,2,1,0,1,0,0
MattDamon_02,1,4,1,2,1,1,0,0,0,0,0,2,1,0,1,0,0
MattDamon_03,2,3,1,1,1,0,0,0,0,0,0,1,1,0,1,1,0
MatthewMcConaughey_01,1,3,4,2,0,1,0,0,0,0,0,2,1,2,1,0,0
MatthewMcConaughey_02,1,1,1,2,1,1,0,0,0,0,0,2,1,0,1,0,0
MatthewMcConaughey_03,1,3,1,1,1,1,0,0,0,0,0,2,1,1,1,0,0
MatthewMcConaughey_04,2,1,1,2,1,1,0,0,0,0,0,2,1,0,1,0,0
MatthewMcConaughey_05,2,1,1,1,1,1,0,0,0,0,0,1,1,0,1,1,0
MatthewMcConaughey_06,1,4,1,1,0,0,2,1,1,0,0,1,1,0,1,0,0
MeganFox_01,2,1,1,1,1,1,2,0,0,0,0,4,1,0,1,1,0
MeganFox_02,1,4,1,1,1,1,0,0,0,0,0,1,1,0,1,1,0
MeganFox_03,2,4,1,1,1,1,0,0,0,1,0,2,1,1,1,1,0
MeganFox_04,2,3,4,2,1,1,1,0,0,0,0,2,1,0,0,0,0
MeganFox_05,2,3,1,2,1,1,1,0,0,1,0,2,1,0,1,1,0
MichelleWilliams_01,2,4,1,1,0,1,2,0,0,2,0,4,1,0,0,0,0
MilaKunis_01,1,4,1,1,1,1,0,0,0,0,0,2,1,0,1,1,0
MilaKunis_02,2,4,1,1,1,1,2,0,0,1,0,2,1,1,1,1,0
MilaKunis_03,2,3,1,1,0,1,0,0,0,0,0,2,1,0,1,1,0
MilaKunis_04,2,4,1,1,1,0,2,0,0,0,0,1,3,0,1,0,0
MilaKunis_05,2,4,1,2,1,1,0,0,0,0,0,2,1,0,1,0,0
MilaKunis_06,2,4,1,1,1,1,0,0,0,2,0,2,3,0,1,1,0
MilaKunis_07,1,4,1,1,1,1,0,0,0,0,0,2,1,1,1,1,0
MilaKunis_08,1,4,1,1,0,1,0,0,0,0,0,2,1,1,1,1,0
MilaKunis_09,2,4,1,1,1,1,0,0,0,1,0,2,3,0,1,1,0
MilaKunis_10,2,4,1,1,0,1,0,0,0,1,1,2,1,0,1,0,0
MilaKunis_11,2,4,1,1,0,1,0,0,0,0,0,2,3,0,1,0,0
MilaKunis_12,2,4,1,1,1,1,0,0,0,0,0,2,1,0,1,1,0
MilaKunis_13,2,4,1,1,0,1,0,0,0,1,0,2,1,0,1,1,0
MilaKunis_14,1,4,1,1,1,1,0,0,0,2,0,2,1,0,1,0,0
MilaKunis_15,2,3,4,2,0,1,0,0,0,0,0,2,1,0,1,0,0
MilaKunis_16,1,3,1,3,1,1,0,0,0,0,0,2,1,0,1,1,0
MileyCyrus_01,2,4,1,1,1,1,0,1,1,0,0,2,1,1,1,1,0
MileyCyrus_02,2,4,1,1,1,1,0,0,0,1,0,2,1,0,1,0,0
MileyCyrus_03,2,4,1,1,1,1,0,0,0,2,0,2,1,0,3,1,1
MileyCyrus_04,2,4,1,1,1,1,1,0,0,2,0,2,1,1,1,1,0
MileyCyrus_05,2,4,1,1,1,1,0,0,0,1,0,2,1,0,1,0,0
MileyCyrus_06,2,3,3,2,0,0,0,0,0,0,0,1,1,0,1,1,0
MileyCyrus_07,2,1,1,4,1,1,0,0,0,0,0,1,1,0,1,0,0
MileyCyrus_08,2,4,1,2,1,1,0,0,1,0,0,2,1,0,2,1,0
MileyCyrus_09,2,1,1,1,1,1,2,0,0,0,0,4,1,0,0,0,0
MileyCyrus_10,3,4,2,2,1,1,0,0,0,0,0,2,1,0,1,1,0
MileyCyrus_11,2,3,2,2,0,0,1,0,0,0,0,3,1,0,0,0,0
MileyCyrus_12,1,3,1,1,1,1,0,0,0,0,0,2,1,1,1,1,0
MileyCyrus_13,2,4,1,1,1,1,0,3,1,0,0,3,1,0,0,1,0
NaomiWatts_01,2,4,1,1,1,1,0,0,0,0,0,2,1,0,1,1,0
NaomiWatts_02,1,4,1,1,1,1,0,0,0,0,0,2,1,1,1,0,0
NaomiWatts_03,2,1,1,1,1,0,0,0,0,0,0,1,1,0,1,1,0
NaomiWatts_04,2,3,1,3,1,1,0,0,0,1,0,2,1,1,1,1,0
NaomiWatts_05,2,3,3,3,0,1,0,0,0,0,0,2,1,0,1,1,0
NataliePortman_01,2,3,1,1,1,0,2,0,0,0,0,1,1,1,0,1,0
NataliePortman_02,1,3,4,2,1,1,0,0,0,0,0,2,1,0,1,0,0
NataliePortman_03,1,4,1,1,1,1,0,0,1,0,0,2,1,0,1,1,0
NataliePortman_04,2,4,1,3,1,1,0,0,0,1,0,2,1,2,1,0,0
NataliePortman_05,2,4,1,1,1,1,0,0,0,2,0,2,1,0,1,1,0
NataliePortman_06,2,3,1,3,1,1,0,0,0,1,0,2,1,0,1,0,0
NataliePortman_07,2,3,4,3,0,1,2,0,0,0,0,2,1,0,1,1,0
NataliePortman_08,2,1,1,4,1,1,0,0,0,0,0,1,1,0,1,1,0
NataliePortman_09,1,1,1,1,1,1,0,0,0,0,0,2,1,1,1,1,0
NataliePortman_10,2,3,1,3,0,0,0,1,1,0,0,3,1,0,1,1,0
NickJonas_01,2,4,1,1,1,1,0,0,0,1,0,2,1,0,1,0,0
NickJonas_02,1,4,1,1,1,1,0,0,0,0,0,2,1,0,0,0,0
NickJonas_03,1,3,1,1,1,1,0,0,1,0,0,2,1,0,1,0,0
NickJonas_04,2,4,1,1,1,1,0,0,0,1,0,2,1,0,1,0,1
NickJonas_05,1,4,1,1,1,1,0,0,0,0,0,2,1,0,1,0,0
NickJonas_06,1,4,1,1,1,1,0,0,0,0,0,2,1,0,1,0,0
NickJonas_07,1,4,1,1,1,1,0,0,0,0,0,2,1,0,1,0,0
NickJonas_08,1,1,4,2,1,1,0,0,0,0,0,2,1,0,1,0,0
NickJonas_09,1,3,4,2,1,1,0,0,0,0,0,2,1,0,1,0,0
NickJonas_10,3,4,1,1,0,1,0,0,0,1,0,2,1,0,1,0,0
NickLachey_01,2,4,1,1,1,1,0,0,0,0,0,2,1,0,1,0,0
NickLachey_02,1,2,1,1,1,1,0,0,0,0,0,2,1,1,1,1,0
NickLachey_03,1,1,1,1,1,1,0,0,0,0,0,2,1,0,1,0,0
NickLachey_04,1,4,1,1,1,1,2,0,0,0,0,2,1,0,1,0,0
NickLachey_05,1,4,1,1,1,1,0,0,0,0,0,2,1,0,1,0,0
NickyMinaj_01,2,2,1,1,0,0,2,0,0,0,0,4,1,0,0,0,0
NickyMinaj_02,3,3,1,3,1,1,0,0,0,0,0,2,1,0,1,1,0
NickyMinaj_03,2,3,1,1,0,0,0,0,0,0,0,1,1,2,1,1,0
NickyMinaj_04,1,4,1,1,0,1,0,0,0,0,0,2,1,0,1,0,0
NickyMinaj_05,1,3,1,1,1,1,0,0,0,0,0,2,1,0,1,0,0
NickyMinaj_06,2,4,1,1,0,1,0,0,0,0,0,2,1,0,1,1,0
NickyMinaj_07,2,4,1,1,1,1,0,0,1,0,0,2,1,0,1,0,0
NickyMinaj_08,2,4,1,1,1,1,0,0,0,0,0,2,1,0,1,1,0
NickyMinaj_09,1,4,1,1,1,0,0,0,0,0,0,1,1,0,1,1,0
NicoleKidman_01,1,2,1,1,1,1,0,0,0,0,0,2,1,1,1,0,0
NicoleKidman_02,2,4,1,1,1,1,0,0,0,0,0,2,1,1,1,1,0
NicoleKidman_03,2,4,2,3,1,1,1,0,0,0,0,2,1,0,1,1,0
NicoleKidman_04,1,4,4,2,1,1,0,0,0,0,0,2,1,0,1,1,0
NicoleKidman_05,1,3,1,3,1,1,0,0,0,0,1,2,1,0,1,1,0
NicoleKidman_06,1,4,1,2,1,1,0,2,0,1,0,2,1,0,1,1,0
NicoleKidman_07,2,3,1,2,1,1,0,0,0,0,0,2,1,0,1,1,0
NicoleRichie_01,1,3,1,2,0,1,0,0,0,0,0,1,1,1,1,1,0
OrlandoBloom_01,1,1,1,1,1,1,0,0,0,0,0,2,1,0,1,0,0
OrlandoBloom_02,2,2,1,1,1,1,0,0,0,0,0,2,1,0,1,0,0
OrlandoBloom_03,2,1,1,1,0,1,0,0,0,0,0,1,1,0,1,0,0
OrlandoBloom_04,2,4,1,1,0,1,2,0,0,0,0,2,1,0,1,0,0
OwenWilson_01,1,2,1,1,1,1,0,0,0,0,0,2,1,1,1,1,0
OwenWilson_02,1,4,1,1,1,1,0,0,0,0,0,2,1,0,1,0,0
OwenWilson_03,2,1,1,1,1,0,0,0,0,0,0,1,1,0,1,0,0
PamelaAnderson_01,1,4,4,2,1,1,0,0,0,1,0,2,3,0,1,1,0
PamelaAnderson_02,1,2,1,1,1,1,0,0,0,0,0,2,1,1,1,1,0
PamelaAnderson_03,2,1,1,1,0,0,0,0,0,0,0,1,1,0,1,1,0
PamelaAnderson_04,3,4,4,2,1,1,0,0,0,0,0,2,1,0,1,1,0
PamelaAnderson_05,2,2,4,2,1,1,0,2,0,1,0,2,1,0,2,1,0
ParisHilton_01,2,1,1,1,1,1,2,0,0,0,0,2,1,0,1,1,0
ParisHilton_02,1,1,1,1,1,0,0,0,0,0,0,1,1,0,1,0,0
ParisHilton_03,2,4,1,1,1,1,0,0,0,0,0,2,1,0,2,0,0
ParisHilton_04,2,3,3,3,1,1,0,0,0,0,0,2,1,0,1,0,0
ParisHilton_05,2,1,1,3,1,1,0,0,0,0,0,2,1,0,1,0,0
ParisHilton_06,2,4,1,1,1,1,0,0,0,1,0,2,1,0,1,0,0
ParisHilton_07,2,3,1,1,0,1,1,0,1,0,0,2,1,1,2,0,0
ParisHilton_08,2,2,1,1,1,1,0,0,0,0,0,2,1,0,1,0,0
PatrickDempsey_01,2,1,1,1,1,1,0,0,0,0,0,1,1,0,1,1,0
PatrickDempsey_02,1,2,1,1,1,1,0,0,0,0,0,1,1,1,1,1,0
PennBadgley_01,1,2,1,4,1,1,0,0,0,0,0,2,1,0,1,0,0
PennBadgley_02,2,3,4,3,1,1,0,0,0,0,0,2,3,0,1,0,0
PennBadgley_03,2,1,1,1,0,0,2,0,0,0,0,4,1,1,2,1,0
PeteWentz_01,2,4,1,1,1,0,2,0,0,0,0,4,1,0,0,0,0
PeteWentz_02,2,1,1,2,1,0,1,3,0,0,0,2,1,0,1,0,0
PeteWentz_03,2,4,1,1,1,1,0,0,0,0,0,2,1,0,2,0,0
PeteWentz_04,1,1,1,1,1,0,0,0,0,0,0,1,1,1,0,1,0
PeteWentz_05,2,4,1,1,1,1,0,0,0,0,0,2,1,0,1,1,0
PeteWentz_06,2,1,1,1,1,1,0,0,0,0,0,2,1,1,1,1,0
Pink_01,2,4,1,1,1,1,0,0,0,0,0,2,1,0,2,1,0
Pink_02,2,4,2,3,0,0,1,0,0,2,0,3,1,1,2,1,0
PrincessKate_01,1,2,1,1,1,1,0,0,0,0,0,1,1,1,1,1,0
Rihanna_01,2,4,1,1,0,1,0,0,0,2,0,2,1,0,1,0,0
Rihanna_02,2,1,1,1,1,0,2,0,0,0,0,4,1,0,2,0,0
Rihanna_03,2,4,2,1,0,1,0,0,0,1,0,2,1,0,2,1,0
Rihanna_04,2,2,1,1,1,0,0,0,0,0,0,1,1,2,1,0,0
Rihanna_05,2,4,1,1,0,1,2,0,0,1,0,2,1,0,1,1,0
Rihanna_06,3,2,4,2,1,1,0,2,1,1,0,2,1,0,1,0,0
Rihanna_07,3,4,1,1,1,0,1,0,0,1,0,1,1,0,2,1,0
Rihanna_08,2,1,1,1,0,1,0,0,0,0,0,2,1,0,1,0,0
Rihanna_09,2,4,1,1,1,1,0,0,0,0,0,2,1,0,1,1,0
Rihanna_10,2,4,2,2,1,1,2,0,0,1,0,2,1,0,1,0,0
RobertDowneyJr_01,1,4,1,1,1,1,0,0,0,0,0,2,1,0,1,0,0
RobertDowneyJr_02,1,4,1,1,1,1,0,0,0,1,0,2,1,0,1,0,0
RobertDowneyJr_03,2,4,1,1,1,1,0,0,0,0,0,2,1,0,1,0,0
RobertDowneyJr_04,2,4,1,1,1,1,0,0,0,0,0,2,1,0,1,0,0
RobertPattinson_01,2,4,1,1,1,1,0,0,0,0,0,2,1,0,1,0,0
RobertPattinson_02,2,4,1,1,1,1,0,0,0,0,0,2,1,0,1,0,0
RobertPattinson_03,2,4,1,1,0,0,1,0,0,0,0,3,1,0,0,0,0
RobertPattinson_04,2,3,1,3,1,1,0,0,0,0,1,2,1,0,1,0,0
RobertPattinson_05,2,4,1,1,1,1,0,0,0,0,0,2,1,0,1,0,0
RobertPattinson_06,1,4,1,1,1,1,2,0,0,0,0,2,1,0,1,0,0
RobertPattinson_07,2,4,1,1,1,1,0,0,0,0,1,2,1,0,1,0,0
RobertPattinson_08,2,3,1,2,1,1,0,0,0,0,0,2,1,0,1,0,0
RobertPattinson_09,1,1,1,1,1,1,0,0,0,0,0,2,1,0,1,0,0
RobertPattinson_10,1,4,1,2,1,1,0,0,0,0,0,2,1,0,1,0,0
RosarioDawson_01,1,4,1,1,1,1,0,0,0,1,1,2,1,0,1,1,0
RosarioDawson_02,1,1,1,1,1,1,0,0,0,0,0,2,1,0,1,0,0
RosarioDawson_03,2,4,1,1,1,1,0,0,1,0,0,2,1,0,1,0,0
RosarioDawson_04,2,4,1,1,1,1,0,0,0,0,0,2,1,1,1,1,1
RosarioDawson_05,2,4,1,1,1,1,0,0,1,0,0,2,1,0,1,0,0
RosarioDawson_06,2,4,1,1,1,1,0,0,0,0,0,2,1,0,1,0,0
RosarioDawson_07,2,3,2,3,0,0,1,0,0,0,0,1,1,0,0,0,0
RyanGosling_01,1,2,1,4,1,1,0,0,0,0,0,2,1,0,1,0,0
RyanGosling_02,1,2,1,1,1,1,0,0,0,0,0,2,1,0,1,0,0
RyanGosling_03,1,3,1,1,1,1,0,0,0,0,0,2,1,0,1,0,0
RyanGosling_04,2,2,1,1,1,1,0,0,0,0,0,2,1,1,1,0,0
RyanPhillippe_01,1,3,1,1,1,1,0,0,1,0,0,2,1,0,1,0,0
RyanPhillippe_02,1,2,1,1,1,1,0,0,0,0,0,2,1,0,1,0,0
RyanPhillippe_03,2,4,1,3,1,1,0,0,0,0,0,1,1,0,1,1,0
RyanPhillippe_04,2,1,1,1,0,0,0,0,0,0,0,1,1,0,1,0,0
RyanPhillippe_05,2,1,1,1,1,1,0,0,0,0,0,1,2,0,2,0,0
RyanPhillippe_06,2,2,1,1,1,1,2,0,0,0,0,2,1,0,1,0,0
RyanPhillippe_07,2,1,1,1,0,0,0,0,0,0,0,1,1,0,1,0,0
RyanPhillippe_08,1,3,4,2,1,1,0,0,1,0,0,2,1,1,1,1,0
RyanReynolds_01,1,4,1,1,0,1,0,0,0,0,0,2,1,0,1,0,0
RyanReynolds_02,2,4,1,1,0,0,2,0,0,0,0,1,1,0,1,0,0
RyanReynolds_03,2,1,1,1,1,1,0,0,0,0,0,2,1,1,1,0,0
RyanReynolds_04,2,2,1,3,1,1,0,0,0,0,0,2,1,0,0,0,0
RyanReynolds_05,2,4,4,2,1,1,0,0,0,0,0,2,1,0,1,0,0
RyanSeacrest_01,1,2,1,1,1,1,0,0,0,0,0,2,1,1,1,1,0
RyanSeacrest_02,2,1,1,4,1,1,0,0,0,0,0,2,1,0,1,1,0
RyanSeacrest_03,2,1,1,1,1,1,2,0,0,0,0,1,1,0,1,0,0
RyanSeacrest_04,2,1,1,4,1,0,0,0,0,0,0,1,1,0,1,0,0
SalmaHayek_01,1,1,1,1,1,1,0,0,0,0,0,2,1,0,1,1,0
SalmaHayek_02,2,2,1,1,1,1,0,0,0,0,0,2,2,0,1,1,0
SalmaHayek_03,2,3,1,2,1,1,0,0,0,0,0,2,1,0,1,0,0
SalmaHayek_04,2,4,1,2,1,1,0,0,0,0,0,2,1,0,1,0,0
SalmaHayek_05,2,1,1,1,1,1,0,0,0,0,0,2,1,0,1,0,0
SalmaHayek_06,2,1,1,1,0,1,2,0,0,0,0,2,1,0,1,0,0
SalmaHayek_07,1,1,1,1,1,1,0,0,0,0,0,2,1,0,1,1,0
SalmaHayek_08,1,4,1,2,1,1,0,0,0,0,0,2,1,0,1,1,0
SalmaHayek_09,1,3,1,2,1,0,0,0,0,0,0,1,1,0,1,1,0
SalmaHayek_10,1,4,4,2,0,0,1,0,0,0,0,1,1,0,1,1,0
SandraBullock_01,1,4,1,1,1,1,0,0,0,0,0,2,3,2,1,0,0
SandraBullock_02,2,4,4,2,1,1,2,0,0,0,0,2,3,2,1,0,0
SandraBullock_03,1,4,1,1,1,1,0,0,0,0,0,2,1,0,1,0,0
SandraBullock_04,2,1,1,1,1,1,0,0,0,1,0,2,1,0,1,1,0
SandraBullock_05,1,4,1,1,1,1,0,0,0,0,0,2,1,0,1,0,0
SandraBullock_06,1,2,1,1,1,1,0,0,0,0,0,2,1,2,1,0,0
SandraBullock_07,3,3,1,3,1,1,0,0,0,0,0,2,1,0,1,0,0
SandraBullock_08,2,4,1,1,1,1,0,0,0,2,0,1,1,0,2,0,0
SandraBullock_09,2,4,2,1,1,1,0,0,0,1,0,2,1,0,1,0,0
SandraBullock_10,2,4,4,2,1,1,0,0,0,0,0,2,1,2,1,0,0
SarahJessicaParker_01,1,4,1,1,1,1,0,0,0,0,0,2,1,0,1,0,0
SarahJessicaParker_02,1,4,1,1,1,1,2,0,0,0,0,4,1,0,0,0,0
SarahJessicaParker_03,2,4,1,1,1,1,0,0,1,0,0,2,1,1,1,1,0
SarahJessicaParker_04,2,4,2,3,0,1,0,0,0,0,0,2,1,1,1,1,0
ScarlettJohansson_01,2,4,1,2,1,1,0,0,0,1,0,2,1,0,1,0,0
ScarlettJohansson_02,1,4,1,1,1,1,0,0,0,0,0,2,1,0,1,0,0
ScarlettJohansson_03,1,4,1,2,1,1,0,0,0,0,1,2,1,0,1,0,0
ScarlettJohansson_04,2,4,1,3,1,1,0,0,0,0,0,2,1,0,1,0,0
ScarlettJohansson_05,1,4,1,1,1,1,1,0,0,1,0,2,1,0,1,0,0
ScarlettJohansson_06,3,3,4,2,1,1,1,0,1,0,0,2,1,0,1,1,0
ScarlettJohansson_07,2,4,1,1,1,1,0,0,0,1,0,2,1,1,1,1,0
SelenaGomez_01,2,3,4,2,1,1,0,2,0,0,0,2,1,0,1,0,0
SelenaGomez_02,2,3,4,2,1,1,1,0,1,0,0,2,1,0,1,0,0
SelenaGomez_03,1,4,1,1,1,1,0,0,0,0,0,2,1,0,1,0,0
SelenaGomez_04,1,3,4,2,1,1,0,0,0,0,0,2,1,0,1,0,0
SelenaGomez_05,1,4,1,3,1,1,0,0,0,0,0,2,1,0,1,1,0
SelenaGomez_06,1,1,1,1,1,1,0,1,1,0,0,2,1,0,2,1,0
SelenaGomez_07,1,4,1,1,0,1,0,0,0,0,0,2,1,1,1,0,0
SelenaGomez_08,1,4,1,1,0,1,1,0,0,0,0,3,1,0,0,1,0
SelenaGomez_09,2,1,1,1,1,0,0,0,0,0,0,2,1,0,1,0,0
SelenaGomez_10,2,4,1,1,1,1,0,0,0,1,0,2,1,0,1,1,0
Shakira_01,2,4,2,1,0,1,0,0,0,0,0,2,1,0,1,1,0
Shakira_02,2,4,1,1,1,1,0,0,0,1,0,2,3,1,1,1,0
Shakira_03,2,4,1,1,1,1,0,0,0,0,0,2,1,0,1,0,0
Shakira_04,2,4,4,2,0,1,0,0,0,0,0,2,1,0,1,0,0
Shakira_05,2,4,1,1,0,1,0,0,0,2,0,2,1,0,1,1,0
Shakira_06,1,3,1,1,0,1,0,0,0,0,0,2,1,0,1,0,0
Shakira_07,2,4,1,1,1,1,0,0,0,0,0,2,1,0,1,0,0
SofiaVergara_01,2,1,1,1,0,0,0,0,2,1,0,2,1,1,1,0,0
TaylorLautner_01,2,1,1,1,0,0,2,0,0,0,0,1,2,0,2,0,0
TaylorLautner_02,1,1,1,1,1,1,0,0,0,0,0,2,1,1,1,1,0
TaylorLautner_03,2,4,1,1,1,1,0,0,0,0,0,2,1,0,2,0,0
TaylorLautner_04,2,1,1,1,0,0,0,0,0,0,0,1,1,0,1,1,0
TaylorLautner_05,2,4,1,1,0,0,0,0,0,0,0,1,1,0,1,0,0
TaylorLautner_06,2,1,1,1,1,1,0,0,0,0,0,2,1,0,1,0,0
TaylorLautner_07,2,4,1,1,1,1,0,0,0,0,0,2,1,0,1,0,1
TaylorLautner_08,1,1,1,1,1,1,0,0,0,0,0,2,1,0,1,1,0
TaylorLautner_09,2,1,1,1,0,0,0,0,0,0,0,1,1,0,1,0,0
TaylorLautner_10,2,4,1,1,1,1,0,0,0,0,0,2,1,1,1,1,0
TaylorLautner_11,1,3,4,2,1,1,0,0,0,0,0,2,1,0,1,1,0
TaylorLautner_12,2,3,1,1,0,1,2,0,0,0,0,2,1,0,1,0,0
TaylorMomsen_01,1,4,1,1,0,1,0,0,1,0,0,2,1,0,1,0,0
TaylorMomsen_02,1,4,1,1,1,1,2,0,0,1,0,2,1,0,1,1,0
TaylorMomsen_03,2,4,1,1,1,1,0,0,0,0,0,2,1,0,1,1,0
TaylorMomsen_04,3,4,1,3,1,1,0,0,0,0,0,4,1,0,0,0,0
TaylorMomsen_05,2,4,2,1,1,1,0,0,0,0,1,2,2,0,1,1,0
TaylorMomsen_06,1,2,1,1,1,1,0,0,0,0,0,2,1,0,1,0,0
TaylorMomsen_07,2,4,4,2,0,1,2,0,0,0,0,2,1,0,1,0,0
TaylorSwift_01,1,3,1,2,1,1,0,0,0,0,0,2,1,2,1,1,0
TaylorSwift_02,1,2,1,4,1,1,0,0,0,0,0,2,1,0,1,1,0
TaylorSwift_03,2,2,2,3,0,1,0,0,0,0,0,2,1,1,1,1,0
TaylorSwift_04,1,2,1,1,1,1,0,0,0,0,0,2,1,0,1,1,0
TeriHatcher_01,2,1,1,1,1,0,0,0,0,0,0,1,1,0,1,0,0
TeriHatcher_02,2,3,1,2,1,1,2,2,0,0,0,2,1,0,1,0,0
TeriHatcher_03,1,3,1,3,1,1,0,0,0,0,0,2,1,0,1,1,0
TeriHatcher_04,2,3,1,1,0,1,0,0,0,0,0,2,1,0,1,1,0
TeriHatcher_05,1,4,1,1,0,1,0,0,0,0,0,2,1,0,1,0,0
TomBrady_01,1,2,1,2,1,1,0,0,0,0,0,4,1,0,1,0,0
TomBrady_02,1,1,1,4,1,1,0,0,0,0,0,2,1,0,1,0,0
TomCruise_01,2,2,1,1,1,1,0,0,0,0,0,1,1,0,1,1,1
TomCruise_02,2,4,1,1,1,0,2,0,1,0,0,4,1,0,0,0,0
TomCruise_03,2,2,1,1,0,0,0,0,0,0,0,1,2,0,2,1,0
TomCruise_04,1,4,1,1,1,1,0,0,0,0,0,2,1,0,1,0,0
TomCruise_05,2,4,1,1,1,0,0,0,0,0,0,1,1,0,1,0,0
TomCruise_06,1,4,1,1,1,1,0,0,0,0,0,2,1,1,1,1,0
TomCruise_07,2,4,1,1,0,1,0,0,1,0,0,2,3,0,1,1,0
TomDaley_01,2,1,1,1,1,1,0,0,0,0,0,2,1,0,1,1,0
TomDaley_02,2,4,1,1,1,1,0,0,0,0,0,2,1,0,1,0,0
TomDaley_03,2,3,1,1,1,1,0,0,0,0,0,2,1,1,1,1,0
TomDaley_04,2,4,1,1,1,0,0,0,0,2,0,1,1,0,1,0,0
TomDaley_05,2,1,1,1,1,1,0,1,1,0,0,2,1,0,2,0,0
TomDaley_06,1,1,1,1,1,0,0,0,0,0,0,1,1,1,1,1,0
TomDaley_07,2,4,1,1,1,1,0,0,0,0,0,2,1,0,1,0,0
TomDaley_08,1,4,1,1,1,1,0,0,1,0,0,2,1,0,1,0,0
TomFelton_01,1,4,1,1,1,1,0,0,0,0,0,2,1,1,1,1,0
TomFelton_02,2,1,1,1,1,1,0,0,0,0,0,1,1,1,1,0,0
TomFelton_03,1,4,1,1,1,1,0,0,0,0,0,2,1,0,1,0,0
TyraBanks_01,2,4,1,1,1,1,0,0,0,0,1,3,3,0,1,1,0
TyraBanks_02,2,4,1,1,1,0,0,0,0,0,0,1,3,0,1,1,0
TyraBanks_03,1,2,4,2,0,0,1,0,0,0,0,1,1,0,1,1,0
TyraBanks_04,1,3,4,2,1,0,2,2,2,1,0,1,3,0,1,1,0
UsherRaymond_01,2,4,1,1,1,0,0,0,0,0,0,4,1,0,0,0,0
UsherRaymond_02,2,2,1,1,1,0,0,0,0,0,0,1,1,1,1,1,0
UsherRaymond_03,2,1,1,1,1,1,0,0,0,0,0,2,1,0,1,0,0
UsherRaymond_04,1,4,1,1,1,1,0,0,0,0,1,2,1,0,1,0,0
UsherRaymond_05,2,3,1,3,0,1,0,0,1,0,0,2,1,0,1,0,0
VanessaHudgens_01,1,3,1,1,1,1,0,0,0,0,0,2,1,1,1,1,0
VanessaHudgens_02,2,2,1,1,1,1,0,0,0,0,0,2,1,0,1,1,0
VanessaHudgens_03,2,2,1,1,1,0,1,0,0,0,0,1,1,0,2,0,0
VanessaHudgens_04,2,4,1,1,1,1,0,0,0,0,0,2,1,1,1,1,0
VanessaHudgens_05,2,3,1,3,1,1,0,0,0,0,1,2,1,0,1,1,1
VanessaHudgens_06,2,1,4,2,0,1,0,0,0,0,1,2,1,0,1,0,0
VanessaHudgens_07,2,3,4,2,1,1,0,0,0,0,0,2,1,1,1,1,0
VanessaHudgens_08,2,1,1,1,0,1,1,0,0,1,0,2,1,0,2,1,0
VanessaHudgens_09,2,1,4,2,1,1,0,0,0,0,0,2,1,0,2,0,0
VanessaHudgens_10,1,3,4,2,1,1,0,0,0,0,0,2,1,1,1,1,0
VictoriaBeckham_01,2,3,2,2,0,0,1,3,1,0,0,1,1,0,1,0,0
VictoriaBeckham_02,1,3,1,1,1,0,2,0,0,0,0,4,1,0,0,0,0
VictoriaBeckham_03,1,2,1,1,1,1,0,0,0,0,0,2,1,0,1,0,0
VictoriaBeckham_04,2,4,1,1,1,1,0,0,0,0,0,2,1,0,1,0,0
VictoriaBeckham_05,3,4,1,1,0,1,0,0,0,1,1,2,1,1,1,1,0
VictoriaBeckham_06,2,1,1,3,0,0,0,0,0,1,0,1,1,0,1,1,0
VinceVaughn_01,2,3,1,1,1,1,1,0,0,0,1,1,1,0,1,1,0
VinceVaughn_02,1,1,1,2,1,1,0,0,0,0,0,2,1,0,1,0,0
WhitneyPort_01,1,4,1,1,1,1,0,0,0,0,0,2,1,0,1,1,0
WhitneyPort_02,2,4,1,1,0,1,0,0,0,0,0,2,1,0,1,0,0
WhitneyPort_03,2,1,1,1,1,1,0,0,0,0,0,2,1,1,1,1,0
WillSmith_01,1,2,1,1,1,1,0,0,0,0,0,2,1,0,1,0,0
WillSmith_02,2,1,1,1,1,0,0,0,0,0,0,1,1,1,1,1,0
WinonaRyder_01,2,3,1,3,1,1,1,0,0,1,0,3,3,1,1,1,0
WinonaRyder_02,1,3,4,2,1,1,0,0,0,2,0,2,1,0,1,0,0
ZacEfron_01,1,2,4,2,1,1,0,2,0,0,0,2,1,0,1,0,0
ZacEfron_02,2,1,1,1,1,1,0,0,0,0,0,2,1,0,1,0,0
ZacEfron_03,2,2,1,4,1,1,0,0,0,0,0,2,1,1,1,1,0
ZacEfron_04,1,4,1,2,1,1,0,0,0,2,1,2,1,0,1,0,0
ZacEfron_05,2,2,1,1,1,1,0,0,0,0,0,2,1,0,1,0,0
ZacEfron_06,2,2,1,1,0,1,0,0,0,1,0,2,1,0,1,0,0
ZacEfron_07,1,1,1,1,1,0,0,0,0,2,0,1,1,0,1,0,0
ZacEfron_08,1,4,1,1,1,1,0,0,0,0,0,2,1,0,1,0,0
